{
  "config": {
    "run_name": "exp1_1_1",
    "out_dir": "./results",
    "seed": 2134392957,
    "device": null,
    "bs_train": 128,
    "bs_test": 32,
    "batches": 100,
    "epochs": 100,
    "early_stopping": 3,
    "checkpoints": null,
    "lr": 0.001,
    "reg": 0.001,
    "filters_per_layer": [
      64
    ],
    "pool_every": 3,
    "hidden_dims": [
      100
    ],
    "model_type": "cnn",
    "pooling_params": {
      "kernel_size": 2
    },
    "conv_params": {
      "kernel_size": 3,
      "padding": 1
    },
    "kw": {},
    "layers_per_block": 16
  },
  "results": {
    "num_epochs": 0,
    "train_loss": [
      2.1749775409698486,
      1.8714216947555542,
      1.7155776023864746,
      1.558180332183838,
      1.4271905422210693,
      1.2957457304000854,
      1.1938750743865967,
      1.0979251861572266,
      1.0126291513442993,
      0.953328549861908,
      0.8996204733848572,
      0.8543540239334106,
      0.8106844425201416,
      0.7646552324295044,
      0.7356851696968079,
      0.7087896466255188,
      0.6772730946540833,
      0.6598730087280273
    ],
    "train_acc": [
      14.854,
      25.39,
      34.026,
      40.44,
      46.404,
      52.712,
      58.1,
      62.34,
      66.116,
      68.502,
      70.792,
      72.584,
      74.254,
      76.08,
      77.342,
      78.406,
      79.48,
      80.284
    ],
    "test_loss": [
      1.9163601398468018,
      1.8313262462615967,
      1.6364614963531494,
      1.5847694873809814,
      1.3888933658599854,
      1.3154284954071045,
      1.1867340803146362,
      1.132874846458435,
      1.0624499320983887,
      1.023693561553955,
      1.0119439363479614,
      0.9694459438323975,
      1.0148289203643799,
      1.0012738704681396,
      0.9939574003219604,
      1.0442925691604614,
      1.0681267976760864,
      1.0015147924423218
    ],
    "test_acc": [
      22.55,
      28.72,
      37.04,
      40.92,
      47.35,
      52.36,
      56.89,
      59.74,
      62.4,
      63.64,
      64.49,
      66.69,
      65.44,
      66.05,
      67.64,
      66.25,
      65.85,
      66.99
    ]
  }
}