{
  "config": {
    "run_name": "exp1_1",
    "out_dir": "./results",
    "seed": 1145332531,
    "device": null,
    "bs_train": 128,
    "bs_test": 32,
    "batches": 100,
    "epochs": 100,
    "early_stopping": 5,
    "checkpoints": null,
    "lr": 0.001,
    "reg": 0.001,
    "filters_per_layer": [
      64
    ],
    "pool_every": 3,
    "hidden_dims": [
      100
    ],
    "model_type": "cnn",
    "pooling_params": {
      "kernel_size": 2
    },
    "conv_params": {
      "kernel_size": 3,
      "padding": 1
    },
    "dropout": 0.1,
    "batchnorm": true,
    "bottleneck": false,
    "kw": {},
    "layers_per_block": 16
  },
  "results": {
    "num_epochs": 0,
    "train_loss": [
      2.3030762672424316,
      2.302929639816284,
      2.3028879165649414,
      2.3028616905212402,
      2.3028366565704346,
      2.302823543548584
    ],
    "train_acc": [
      9.976,
      9.808,
      9.74,
      9.666,
      9.662,
      9.65
    ],
    "test_loss": [
      2.3027422428131104,
      2.3027148246765137,
      2.3026838302612305,
      2.302671194076538,
      2.3026750087738037,
      2.3026516437530518
    ],
    "test_acc": [
      10.0,
      10.0,
      10.0,
      10.0,
      10.0,
      10.0
    ]
  }
}