{
  "config": {
    "run_name": "exp1_1_1",
    "out_dir": "./results",
    "seed": 987857092,
    "device": null,
    "bs_train": 128,
    "bs_test": 32,
    "batches": 100,
    "epochs": 100,
    "early_stopping": 3,
    "checkpoints": null,
    "lr": 0.001,
    "reg": 0.001,
    "filters_per_layer": [
      64
    ],
    "pool_every": 3,
    "hidden_dims": [
      100
    ],
    "model_type": "cnn",
    "pooling_params": {
      "kernel_size": 2
    },
    "conv_params": {
      "kernel_size": 3,
      "padding": 1
    },
    "kw": {},
    "layers_per_block": 8
  },
  "results": {
    "num_epochs": 0,
    "train_loss": [
      1.775243878364563,
      1.346057415008545,
      1.1071199178695679,
      0.9207724332809448,
      0.7943037152290344,
      0.7070513963699341,
      0.6260031461715698,
      0.5673919320106506,
      0.5178707242012024
    ],
    "train_acc": [
      36.028,
      52.74,
      62.498,
      69.714,
      74.64,
      77.956,
      81.154,
      83.452,
      85.588
    ],
    "test_loss": [
      1.442664623260498,
      1.2414612770080566,
      1.080702304840088,
      1.0449000597000122,
      0.9693116545677185,
      0.9378878474235535,
      1.0244592428207397,
      1.0459810495376587,
      1.0973734855651855
    ],
    "test_acc": [
      47.36,
      56.02,
      61.73,
      64.2,
      67.12,
      68.49,
      66.65,
      66.73,
      67.64
    ]
  }
}