{
  "config": {
    "run_name": "exp1_2",
    "out_dir": "./results",
    "seed": 2039137649,
    "device": null,
    "bs_train": 128,
    "bs_test": 32,
    "batches": 100,
    "epochs": 100,
    "early_stopping": 3,
    "checkpoints": null,
    "lr": 0.001,
    "reg": 0.001,
    "filters_per_layer": [
      256
    ],
    "pool_every": 3,
    "hidden_dims": [
      100
    ],
    "model_type": "cnn",
    "pooling_params": {
      "kernel_size": 2
    },
    "conv_params": {
      "kernel_size": 3,
      "padding": 1
    },
    "kw": {},
    "layers_per_block": 8
  },
  "results": {
    "num_epochs": 0,
    "train_loss": [
      1.8874355554580688,
      1.3560272455215454,
      1.0938094854354858,
      0.8981645703315735,
      0.755026638507843,
      0.6520765423774719,
      0.5832772254943848,
      0.5026324987411499,
      0.4547990560531616
    ],
    "train_acc": [
      30.036,
      52.436,
      63.088,
      70.524,
      76.034,
      80.066,
      82.94,
      86.02,
      88.268
    ],
    "test_loss": [
      1.481830358505249,
      1.2139005661010742,
      1.07229745388031,
      0.9109306931495667,
      0.9039360284805298,
      0.8933058381080627,
      1.0024977922439575,
      1.0950709581375122,
      1.0931938886642456
    ],
    "test_acc": [
      45.5,
      56.36,
      62.72,
      68.95,
      69.48,
      70.48,
      67.92,
      67.71,
      68.02
    ]
  }
}