{
  "config": {
    "run_name": "exp1_3",
    "out_dir": "./results",
    "seed": 1271795432,
    "device": null,
    "bs_train": 128,
    "bs_test": 32,
    "batches": 100,
    "epochs": 100,
    "early_stopping": 5,
    "checkpoints": null,
    "lr": 0.001,
    "reg": 0.001,
    "filters_per_layer": [
      64,
      128,
      256
    ],
    "pool_every": 3,
    "hidden_dims": [
      100
    ],
    "model_type": "cnn",
    "pooling_params": {
      "kernel_size": 2
    },
    "conv_params": {
      "kernel_size": 3,
      "padding": 1
    },
    "dropout": 0.1,
    "batchnorm": true,
    "bottleneck": false,
    "kw": {},
    "layers_per_block": 2
  },
  "results": {
    "num_epochs": 0,
    "train_loss": [
      1.632270336151123,
      1.1325385570526123,
      0.8945224285125732,
      0.737740695476532,
      0.6294412612915039,
      0.5438402891159058,
      0.46990767121315,
      0.41129547357559204,
      0.3717297911643982,
      0.3337958753108978,
      0.27386143803596497,
      0.23292061686515808,
      0.2213892936706543,
      0.18165244162082672,
      0.1728854924440384
    ],
    "train_acc": [
      41.454,
      61.172,
      70.31,
      76.192,
      80.52,
      83.85,
      86.602,
      88.842,
      90.464,
      91.866,
      93.944,
      95.568,
      95.842,
      97.054,
      97.464
    ],
    "test_loss": [
      1.2955528497695923,
      1.0331878662109375,
      0.8664055466651917,
      0.8081806898117065,
      0.780071496963501,
      0.8670452237129211,
      0.9041722416877747,
      0.9222965836524963,
      0.992665708065033,
      1.037024736404419,
      1.203873872756958,
      1.3287407159805298,
      1.4003596305847168,
      1.5176267623901367,
      1.5839570760726929
    ],
    "test_acc": [
      53.93,
      64.11,
      70.65,
      72.84,
      73.94,
      71.76,
      72.17,
      73.78,
      74.12,
      74.33,
      73.06,
      72.99,
      71.45,
      71.79,
      71.15
    ]
  }
}