{
  "config": {
    "run_name": "exp1_2",
    "out_dir": "./results",
    "seed": 266914997,
    "device": null,
    "bs_train": 128,
    "bs_test": 32,
    "batches": 100,
    "epochs": 100,
    "early_stopping": 3,
    "checkpoints": null,
    "lr": 0.001,
    "reg": 0.001,
    "filters_per_layer": [
      32
    ],
    "pool_every": 3,
    "hidden_dims": [
      100
    ],
    "model_type": "cnn",
    "pooling_params": {
      "kernel_size": 2
    },
    "conv_params": {
      "kernel_size": 3,
      "padding": 1
    },
    "kw": {},
    "layers_per_block": 8
  },
  "results": {
    "num_epochs": 0,
    "train_loss": [
      1.8260502815246582,
      1.372779130935669,
      1.1880227327346802,
      1.0648102760314941,
      0.9665220379829407,
      0.8902412056922913,
      0.8246561288833618,
      0.7641806602478027,
      0.711816132068634
    ],
    "train_acc": [
      34.278,
      52.202,
      59.214,
      63.968,
      67.886,
      70.782,
      73.322,
      75.482,
      77.582
    ],
    "test_loss": [
      1.582995057106018,
      1.265988826751709,
      1.1625845432281494,
      1.2085267305374146,
      1.0987807512283325,
      1.056342601776123,
      1.069856882095337,
      1.0952757596969604,
      1.1365222930908203
    ],
    "test_acc": [
      43.29,
      54.52,
      58.32,
      59.18,
      62.05,
      63.31,
      62.82,
      61.49,
      60.86
    ]
  }
}