{
  "config": {
    "run_name": "exp1_3",
    "out_dir": "./results",
    "seed": 389302846,
    "device": null,
    "bs_train": 128,
    "bs_test": 32,
    "batches": 100,
    "epochs": 100,
    "early_stopping": 5,
    "checkpoints": null,
    "lr": 0.001,
    "reg": 0.001,
    "filters_per_layer": [
      64,
      128,
      256
    ],
    "pool_every": 3,
    "hidden_dims": [
      100
    ],
    "model_type": "cnn",
    "pooling_params": {
      "kernel_size": 2
    },
    "conv_params": {
      "kernel_size": 3,
      "padding": 1
    },
    "dropout": 0.1,
    "batchnorm": true,
    "bottleneck": false,
    "kw": {},
    "layers_per_block": 4
  },
  "results": {
    "num_epochs": 0,
    "train_loss": [
      2.3031203746795654,
      2.302833080291748,
      2.3027777671813965,
      2.3027563095092773,
      2.302748680114746,
      2.3027431964874268
    ],
    "train_acc": [
      10.056,
      9.896,
      9.738,
      9.738,
      9.794,
      9.702
    ],
    "test_loss": [
      2.302704334259033,
      2.302665948867798,
      2.302631139755249,
      2.302628755569458,
      2.302624225616455,
      2.3026177883148193
    ],
    "test_acc": [
      10.0,
      10.0,
      10.0,
      10.0,
      10.0,
      10.0
    ]
  }
}