{
  "config": {
    "run_name": "exp1_2",
    "out_dir": "./results",
    "seed": 1069328188,
    "device": null,
    "bs_train": 128,
    "bs_test": 32,
    "batches": 100,
    "epochs": 100,
    "early_stopping": 3,
    "checkpoints": null,
    "lr": 0.001,
    "reg": 0.001,
    "filters_per_layer": [
      128
    ],
    "pool_every": 3,
    "hidden_dims": [
      100
    ],
    "model_type": "cnn",
    "pooling_params": {
      "kernel_size": 2
    },
    "conv_params": {
      "kernel_size": 3,
      "padding": 1
    },
    "kw": {},
    "layers_per_block": 4
  },
  "results": {
    "num_epochs": 0,
    "train_loss": [
      1.6093642711639404,
      1.1428724527359009,
      0.9106243252754211,
      0.7744675278663635,
      0.6682853102684021,
      0.5778089761734009,
      0.5058438181877136,
      0.44447845220565796
    ],
    "train_acc": [
      42.788,
      60.954,
      69.74,
      74.992,
      79.28,
      82.718,
      85.594,
      87.824
    ],
    "test_loss": [
      1.3053594827651978,
      1.04526686668396,
      0.9405776858329773,
      0.8803727626800537,
      0.912603497505188,
      1.0054585933685303,
      1.1437100172042847,
      1.2249928712844849
    ],
    "test_acc": [
      52.88,
      63.36,
      67.23,
      69.49,
      69.67,
      68.34,
      67.02,
      66.79
    ]
  }
}