{
  "config": {
    "run_name": "exp1_2",
    "out_dir": "./results",
    "seed": 1201143038,
    "device": null,
    "bs_train": 128,
    "bs_test": 32,
    "batches": 100,
    "epochs": 100,
    "early_stopping": 5,
    "checkpoints": null,
    "lr": 0.001,
    "reg": 0.001,
    "filters_per_layer": [
      128
    ],
    "pool_every": 3,
    "hidden_dims": [
      100
    ],
    "model_type": "cnn",
    "pooling_params": {
      "kernel_size": 2
    },
    "conv_params": {
      "kernel_size": 3,
      "padding": 1
    },
    "dropout": 0.1,
    "batchnorm": true,
    "bottleneck": false,
    "kw": {},
    "layers_per_block": 8
  },
  "results": {
    "num_epochs": 0,
    "train_loss": [
      2.3030736446380615,
      2.3027594089508057,
      2.302666425704956,
      2.3026373386383057,
      2.3026278018951416,
      2.3026225566864014
    ],
    "train_acc": [
      9.81,
      9.87,
      9.878,
      9.898,
      9.842,
      9.724
    ],
    "test_loss": [
      2.3028311729431152,
      2.302669048309326,
      2.302610158920288,
      2.302593231201172,
      2.3025858402252197,
      2.3025805950164795
    ],
    "test_acc": [
      10.0,
      10.0,
      10.0,
      10.0,
      10.0,
      10.0
    ]
  }
}