{
  "config": {
    "run_name": "exp1_4",
    "out_dir": "./results",
    "seed": 576826293,
    "device": null,
    "bs_train": 128,
    "bs_test": 32,
    "batches": 100,
    "epochs": 100,
    "early_stopping": 5,
    "checkpoints": null,
    "lr": 0.001,
    "reg": 0.001,
    "filters_per_layer": [
      32
    ],
    "pool_every": 6,
    "hidden_dims": [
      100
    ],
    "model_type": "resnet",
    "pooling_params": {
      "kernel_size": 2
    },
    "conv_params": {
      "kernel_size": 3,
      "padding": 1
    },
    "dropout": 0.1,
    "batchnorm": true,
    "bottleneck": false,
    "kw": {},
    "layers_per_block": 32
  },
  "results": {
    "num_epochs": 0,
    "train_loss": [
      2.303864002227783,
      2.299600124359131,
      2.297048807144165,
      2.2944040298461914,
      2.2912957668304443,
      2.28743577003479,
      2.282346248626709,
      2.2754085063934326,
      2.2654976844787598,
      2.250720977783203,
      2.229127883911133,
      2.202453136444092,
      2.1764461994171143,
      2.152829647064209,
      2.129680871963501,
      2.1057076454162598,
      2.0795540809631348,
      2.048687696456909,
      2.0109901428222656,
      1.9705071449279785,
      1.921933650970459,
      1.8603178262710571,
      1.8086073398590088,
      1.766802191734314,
      1.7300881147384644,
      1.693984031677246,
      1.6599031686782837,
      1.6296499967575073,
      1.599668264389038,
      1.5688657760620117,
      1.5418132543563843,
      1.5163089036941528,
      1.490970253944397,
      1.4663032293319702,
      1.4408966302871704,
      1.4152685403823853,
      1.3901489973068237,
      1.3657159805297852,
      1.3419967889785767,
      1.3174997568130493,
      1.2948076725006104,
      1.2717880010604858,
      1.2494721412658691,
      1.2299120426177979,
      1.2101566791534424,
      1.1918082237243652,
      1.1762924194335938,
      1.159752607345581,
      1.1429364681243896,
      1.1273664236068726,
      1.1133387088775635,
      1.0963540077209473,
      1.0833547115325928,
      1.0703046321868896,
      1.0565482378005981,
      1.0426105260849,
      1.0295119285583496,
      1.0151978731155396,
      1.0002681016921997,
      0.9881871342658997,
      0.9742228388786316,
      0.9610225558280945,
      0.9478427767753601,
      0.9356099367141724,
      0.9240247011184692,
      0.9113249778747559,
      0.8980234861373901,
      0.8868951201438904,
      0.8739253282546997,
      0.8649675846099854,
      0.854839563369751,
      0.8422823548316956,
      0.8286188840866089,
      0.8157475590705872,
      0.8053896427154541,
      0.7960999608039856,
      0.7885567545890808,
      0.7807592749595642,
      0.7727298140525818,
      0.7629424333572388,
      0.7503539323806763,
      0.7406045794487,
      0.7311209440231323,
      0.7236273288726807,
      0.7150152921676636,
      0.7042480707168579,
      0.6957950592041016,
      0.6859716176986694,
      0.6747530102729797,
      0.6667380332946777,
      0.6551563739776611,
      0.6461709141731262,
      0.6394230723381042,
      0.632055938243866,
      0.6258772015571594,
      0.6191157102584839,
      0.613760232925415,
      0.6041141748428345,
      0.5970418453216553,
      0.5897051692008972
    ],
    "train_acc": [
      9.71,
      10.562,
      11.034,
      12.23,
      13.862,
      15.764,
      17.248,
      18.546,
      19.346,
      19.914,
      20.04,
      19.64,
      19.788,
      20.578,
      21.614,
      22.592,
      23.412,
      24.53,
      25.412,
      26.686,
      28.174,
      29.934,
      31.822,
      33.532,
      35.066,
      36.13,
      37.434,
      39.004,
      40.216,
      41.618,
      42.75,
      43.814,
      45.09,
      46.146,
      47.07,
      47.898,
      48.896,
      49.878,
      50.956,
      51.908,
      53.046,
      54.01,
      54.87,
      55.668,
      56.46,
      57.248,
      57.726,
      58.43,
      59.188,
      59.846,
      60.322,
      61.144,
      61.51,
      62.186,
      62.704,
      63.296,
      63.782,
      64.14,
      64.792,
      65.302,
      65.842,
      66.304,
      66.926,
      67.376,
      67.898,
      68.308,
      68.874,
      69.308,
      69.724,
      70.052,
      70.432,
      70.84,
      71.396,
      71.784,
      72.158,
      72.51,
      73.006,
      73.268,
      73.512,
      73.94,
      74.478,
      74.798,
      75.194,
      75.396,
      75.786,
      76.158,
      76.42,
      76.858,
      77.218,
      77.61,
      78.014,
      78.29,
      78.49,
      78.834,
      79.128,
      79.39,
      79.658,
      80.092,
      80.27,
      80.472
    ],
    "test_loss": [
      2.3007891178131104,
      2.2979953289031982,
      2.2954623699188232,
      2.292583465576172,
      2.2890400886535645,
      2.2845935821533203,
      2.27858829498291,
      2.2702274322509766,
      2.2579360008239746,
      2.239614725112915,
      2.213848352432251,
      2.1858110427856445,
      2.1599690914154053,
      2.1353814601898193,
      2.1103034019470215,
      2.0831375122070312,
      2.052877902984619,
      2.0220136642456055,
      1.9757338762283325,
      1.933244228363037,
      1.8794844150543213,
      1.813212513923645,
      1.7600922584533691,
      1.7180311679840088,
      1.6791130304336548,
      1.645168423652649,
      1.6156411170959473,
      1.5916537046432495,
      1.5562820434570312,
      1.5281449556350708,
      1.5102615356445312,
      1.4930238723754883,
      1.4783073663711548,
      1.4583648443222046,
      1.4371521472930908,
      1.406171441078186,
      1.3808906078338623,
      1.3537706136703491,
      1.3285253047943115,
      1.3112547397613525,
      1.300828218460083,
      1.2845659255981445,
      1.2789636850357056,
      1.2561490535736084,
      1.2373133897781372,
      1.2133421897888184,
      1.1941018104553223,
      1.1727955341339111,
      1.158645749092102,
      1.1470597982406616,
      1.1371326446533203,
      1.1237413883209229,
      1.113332748413086,
      1.1100108623504639,
      1.1004974842071533,
      1.0908236503601074,
      1.0713871717453003,
      1.064497709274292,
      1.0555704832077026,
      1.0419942140579224,
      1.0252387523651123,
      1.015489101409912,
      1.0067142248153687,
      0.9958817958831787,
      0.988032877445221,
      0.9802385568618774,
      0.9716883301734924,
      0.9664269685745239,
      0.9656685590744019,
      0.9635465145111084,
      0.9630076289176941,
      0.9545896053314209,
      0.9430032968521118,
      0.944752037525177,
      0.9423296451568604,
      0.9291148781776428,
      0.9255273342132568,
      0.9077519774436951,
      0.8943570852279663,
      0.8964136838912964,
      0.8853614330291748,
      0.8927099108695984,
      0.8916012644767761,
      0.8885486125946045,
      0.8843761682510376,
      0.8879839777946472,
      0.8815582394599915,
      0.8832659721374512,
      0.8792082667350769,
      0.8806124925613403,
      0.8770743012428284,
      0.8694801330566406,
      0.8618348240852356,
      0.8590503931045532,
      0.8592750430107117,
      0.8606929779052734,
      0.8640115857124329,
      0.8655585646629333,
      0.8742541074752808,
      0.8923665285110474
    ],