{
  "config": {
    "run_name": "exp1_4",
    "out_dir": "./results",
    "seed": 1091710241,
    "device": null,
    "bs_train": 128,
    "bs_test": 32,
    "batches": 100,
    "epochs": 100,
    "early_stopping": 5,
    "checkpoints": null,
    "lr": 0.001,
    "reg": 0.001,
    "filters_per_layer": [
      64,
      128,
      256
    ],
    "pool_every": 5,
    "hidden_dims": [
      100
    ],
    "model_type": "resnet",
    "pooling_params": {
      "kernel_size": 2
    },
    "conv_params": {
      "kernel_size": 3,
      "padding": 1
    },
    "dropout": 0.1,
    "batchnorm": true,
    "bottleneck": false,
    "kw": {},
    "layers_per_block": 4
  },
  "results": {
    "num_epochs": 0,
    "train_loss": [
      1.5878820419311523,
      1.118599772453308,
      0.8702109456062317,
      0.7169038653373718,
      0.6038413047790527,
      0.5016055703163147,
      0.4347040057182312,
      0.35674089193344116,
      0.2805950939655304,
      0.22324047982692719,
      0.200707346200943,
      0.17459240555763245,
      0.14393500983715057,
      0.1308547556400299,
      0.11569169163703918
    ],
    "train_acc": [
      43.776,
      62.496,
      71.79,
      77.446,
      82.17,
      86.408,
      89.226,
      92.022,
      94.568,
      96.468,
      97.202,
      97.806,
      98.626,
      98.868,
      99.172
    ],
    "test_loss": [
      1.2709752321243286,
      1.0459831953048706,
      0.8723568320274353,
      0.8264336585998535,
      0.8802434206008911,
      0.9227808713912964,
      0.9276793599128723,
      1.125076174736023,
      1.149461269378662,
      1.2247389554977417,
      1.5145103931427002,
      1.5535178184509277,
      1.808314323425293,
      1.5814052820205688,
      1.6068801879882812
    ],
    "test_acc": [
      54.17,
      63.03,
      70.21,
      71.92,
      71.01,
      70.86,
      72.37,
      70.49,
      70.25,
      72.38,
      69.35,
      68.37,
      66.14,
      69.79,
      70.48
    ]
  }
}