{
  "config": {
    "run_name": "exp1_4",
    "out_dir": "./results",
    "seed": 1891682670,
    "device": null,
    "bs_train": 128,
    "bs_test": 32,
    "batches": 100,
    "epochs": 100,
    "early_stopping": 5,
    "checkpoints": null,
    "lr": 0.001,
    "reg": 0.001,
    "filters_per_layer": [
      32
    ],
    "pool_every": 6,
    "hidden_dims": [
      100
    ],
    "model_type": "resnet",
    "pooling_params": {
      "kernel_size": 2
    },
    "conv_params": {
      "kernel_size": 3,
      "padding": 1
    },
    "dropout": 0.1,
    "batchnorm": true,
    "bottleneck": false,
    "kw": {},
    "layers_per_block": 8
  },
  "results": {
    "num_epochs": 0,
    "train_loss": [
      1.628156304359436,
      1.2519845962524414,
      1.0693225860595703,
      0.9433546662330627,
      0.8434470891952515,
      0.7595047950744629,
      0.6905633211135864,
      0.6261250376701355,
      0.5777556896209717,
      0.5398768186569214,
      0.4855818450450897,
      0.4483324885368347,
      0.4184967279434204,
      0.38728028535842896
    ],
    "train_acc": [
      42.464,
      56.424,
      63.322,
      68.208,
      72.058,
      75.396,
      77.864,
      80.37,
      82.372,
      83.794,
      85.77,
      87.232,
      88.396,
      89.372
    ],
    "test_loss": [
      1.3958557844161987,
      1.1674416065216064,
      1.0598493814468384,
      0.9611424207687378,
      0.9252157211303711,
      0.9182620048522949,
      0.9306599497795105,
      0.9527224898338318,
      0.9756044745445251,
      1.042150616645813,
      1.119288444519043,
      1.2025089263916016,
      1.1222306489944458,
      1.1644277572631836
    ],
    "test_acc": [
      50.4,
      59.0,
      62.92,
      66.53,
      67.67,
      68.35,
      68.57,
      68.45,
      68.66,
      67.38,
      67.23,
      66.86,
      68.64,
      68.16
    ]
  }
}