{
  "config": {
    "run_name": "exp1_1_1",
    "out_dir": "./results",
    "seed": 1561579146,
    "device": null,
    "bs_train": 128,
    "bs_test": 32,
    "batches": 100,
    "epochs": 100,
    "early_stopping": 3,
    "checkpoints": null,
    "lr": 0.001,
    "reg": 0.001,
    "filters_per_layer": [
      32
    ],
    "pool_every": 3,
    "hidden_dims": [
      100
    ],
    "model_type": "cnn",
    "pooling_params": {
      "kernel_size": 2
    },
    "conv_params": {
      "kernel_size": 3,
      "padding": 1
    },
    "kw": {},
    "layers_per_block": 2
  },
  "results": {
    "num_epochs": 0,
    "train_loss": [
      1.6754413843154907,
      1.2556967735290527,
      1.0673116445541382,
      0.9234768152236938,
      0.8198215365409851,
      0.7413702607154846,
      0.6720594167709351,
      0.5963410139083862
    ],
    "train_acc": [
      40.472,
      56.518,
      63.806,
      69.104,
      73.172,
      76.386,
      79.216,
      82.164
    ],
    "test_loss": [
      1.388909101486206,
      1.2253915071487427,
      1.1219302415847778,
      1.0895819664001465,
      1.1181492805480957,
      1.1839269399642944,
      1.2680131196975708,
      1.3745241165161133
    ],
    "test_acc": [
      49.66,
      56.75,
      61.07,
      62.46,
      62.73,
      62.04,
      60.68,
      60.03
    ]
  }
}