{
  "config": {
    "run_name": "exp1_1",
    "out_dir": "./results",
    "seed": 1481957438,
    "device": null,
    "bs_train": 128,
    "bs_test": 32,
    "batches": 100,
    "epochs": 100,
    "early_stopping": 5,
    "checkpoints": null,
    "lr": 0.001,
    "reg": 0.001,
    "filters_per_layer": [
      64
    ],
    "pool_every": 3,
    "hidden_dims": [
      100
    ],
    "model_type": "cnn",
    "pooling_params": {
      "kernel_size": 2
    },
    "conv_params": {
      "kernel_size": 3,
      "padding": 1
    },
    "dropout": 0.1,
    "batchnorm": true,
    "bottleneck": false,
    "kw": {},
    "layers_per_block": 2
  },
  "results": {
    "num_epochs": 0,
    "train_loss": [
      2.0573203563690186,
      1.7875210046768188,
      1.6718387603759766,
      1.5820585489273071,
      1.508752465248108,
      1.4474440813064575,
      1.3933725357055664,
      1.3475277423858643,
      1.3079369068145752,
      1.2709094285964966,
      1.2351659536361694,
      1.1984885931015015,
      1.161706805229187,
      1.124788761138916,
      1.0884332656860352,
      1.0537952184677124,
      1.0213900804519653,
      0.9893871545791626,
      0.9580475091934204,
      0.927031397819519,
      0.8961929082870483,
      0.8645198941230774,
      0.8330891132354736,
      0.8010509014129639,
      0.7690797448158264,
      0.7367344498634338,
      0.7041497826576233,
      0.669788658618927,
      0.6352378726005554,
      0.6002494096755981,
      0.566306471824646
    ],
    "train_acc": [
      27.346,
      37.826,
      41.604,
      44.496,
      47.088,
      49.304,
      51.138,
      52.87,
      54.26,
      55.532,
      56.924,
      58.346,
      59.71,
      61.14,
      62.562,
      63.85,
      65.198,
      66.372,
      67.694,
      68.898,
      70.014,
      71.28,
      72.528,
      73.792,
      75.088,
      76.34,
      77.59,
      78.952,
      80.426,
      81.894,
      83.238
    ],
    "test_loss": [
      1.8579537868499756,
      1.7110944986343384,
      1.6057088375091553,
      1.5288528203964233,
      1.468734860420227,
      1.41619873046875,
      1.3716310262680054,
      1.338467001914978,
      1.3085944652557373,
      1.2885152101516724,
      1.2633934020996094,
      1.2427986860275269,
      1.22739839553833,
      1.2129409313201904,
      1.1956087350845337,
      1.181418776512146,
      1.1720868349075317,
      1.1576074361801147,
      1.150997281074524,
      1.1439926624298096,
      1.1353634595870972,
      1.1308975219726562,
      1.130560278892517,
      1.1278059482574463,
      1.134897232055664,
      1.143494725227356,
      1.1558291912078857,
      1.1704150438308716,
      1.1917507648468018,
      1.2103073596954346,
      1.2362607717514038
    ],
    "test_acc": [
      34.78,
      40.39,
      43.66,
      46.23,
      48.11,
      49.91,
      51.23,
      52.49,
      53.47,
      54.03,
      55.09,
      56.11,
      56.75,
      57.16,
      57.8,
      58.33,
      58.66,
      59.24,
      59.73,
      60.04,
      60.52,
      60.67,
      60.83,
      61.0,
      61.17,
      61.21,
      61.21,
      61.15,
      61.02,
      61.15,
      60.96
    ]
  }
}