{
  "config": {
    "run_name": "exp1_2",
    "out_dir": "./results",
    "seed": 1232915636,
    "device": null,
    "bs_train": 128,
    "bs_test": 32,
    "batches": 100,
    "epochs": 100,
    "early_stopping": 3,
    "checkpoints": null,
    "lr": 0.001,
    "reg": 0.001,
    "filters_per_layer": [
      32
    ],
    "pool_every": 3,
    "hidden_dims": [
      100
    ],
    "model_type": "cnn",
    "pooling_params": {
      "kernel_size": 2
    },
    "conv_params": {
      "kernel_size": 3,
      "padding": 1
    },
    "kw": {},
    "layers_per_block": 4
  },
  "results": {
    "num_epochs": 0,
    "train_loss": [
      1.6405316591262817,
      1.2494841814041138,
      1.0610460042953491,
      0.9235360622406006,
      0.8169531226158142,
      0.7299095988273621,
      0.6542071104049683,
      0.5840927362442017,
      0.5128831267356873
    ],
    "train_acc": [
      42.086,
      56.55,
      63.996,
      69.284,
      73.394,
      76.726,
      79.814,
      82.432,
      85.268
    ],
    "test_loss": [
      1.3661160469055176,
      1.1738438606262207,
      1.0682190656661987,
      0.9964958429336548,
      0.9918895959854126,
      0.99708491563797,
      1.1286360025405884,
      1.1013517379760742,
      1.2028521299362183
    ],
    "test_acc": [
      50.98,
      58.23,
      62.19,
      64.62,
      65.04,
      66.38,
      64.01,
      65.47,
      64.17
    ]
  }
}