{
  "config": {
    "run_name": "exp1_3",
    "out_dir": "./results",
    "seed": 1832747299,
    "device": null,
    "bs_train": 128,
    "bs_test": 32,
    "batches": 100,
    "epochs": 100,
    "early_stopping": 5,
    "checkpoints": null,
    "lr": 0.001,
    "reg": 0.001,
    "filters_per_layer": [
      64,
      128,
      256
    ],
    "pool_every": 3,
    "hidden_dims": [
      100
    ],
    "model_type": "cnn",
    "pooling_params": {
      "kernel_size": 2
    },
    "conv_params": {
      "kernel_size": 3,
      "padding": 1
    },
    "dropout": 0.1,
    "batchnorm": true,
    "bottleneck": false,
    "kw": {},
    "layers_per_block": 3
  },
  "results": {
    "num_epochs": 0,
    "train_loss": [
      2.3037078380584717,
      2.3030588626861572,
      2.302802801132202,
      2.3026957511901855,
      2.3026535511016846,
      2.3026344776153564
    ],
    "train_acc": [
      9.968,
      9.988,
      9.966,
      9.942,
      9.872,
      9.892
    ],
    "test_loss": [
      2.303243398666382,
      2.3028533458709717,
      2.302694082260132,
      2.302638530731201,
      2.302602529525757,
      2.302591323852539
    ],
    "test_acc": [
      10.0,
      10.0,
      10.0,
      10.0,
      10.0,
      10.0
    ]
  }
}