{
  "config": {
    "run_name": "exp1_2",
    "out_dir": "./results",
    "seed": 340279477,
    "device": null,
    "bs_train": 128,
    "bs_test": 32,
    "batches": 100,
    "epochs": 100,
    "early_stopping": 3,
    "checkpoints": null,
    "lr": 0.001,
    "reg": 0.001,
    "filters_per_layer": [
      64
    ],
    "pool_every": 3,
    "hidden_dims": [
      100
    ],
    "model_type": "cnn",
    "pooling_params": {
      "kernel_size": 2
    },
    "conv_params": {
      "kernel_size": 3,
      "padding": 1
    },
    "kw": {},
    "layers_per_block": 2
  },
  "results": {
    "num_epochs": 0,
    "train_loss": [
      1.7959988117218018,
      1.411440372467041,
      1.1679118871688843,
      0.9684992432594299,
      0.835293710231781,
      0.7395753264427185,
      0.652177095413208
    ],
    "train_acc": [
      35.838,
      50.616,
      59.862,
      67.432,
      72.416,
      76.474,
      80.186
    ],
    "test_loss": [
      1.5412862300872803,
      1.296375036239624,
      1.1259639263153076,
      1.0874910354614258,
      1.1277157068252563,
      1.175628662109375,
      1.3031597137451172
    ],
    "test_acc": [
      44.43,
      53.99,
      60.07,
      62.17,
      61.68,
      61.44,
      60.34
    ]
  }
}