{
  "config": {
    "run_name": "exp1_1",
    "out_dir": "./results",
    "seed": 1984728836,
    "device": null,
    "bs_train": 128,
    "bs_test": 32,
    "batches": 100,
    "epochs": 100,
    "early_stopping": 5,
    "checkpoints": null,
    "lr": 0.001,
    "reg": 0.001,
    "filters_per_layer": [
      64
    ],
    "pool_every": 3,
    "hidden_dims": [
      100
    ],
    "model_type": "cnn",
    "pooling_params": {
      "kernel_size": 2
    },
    "conv_params": {
      "kernel_size": 3,
      "padding": 1
    },
    "dropout": 0.1,
    "batchnorm": true,
    "bottleneck": false,
    "kw": {},
    "layers_per_block": 2
  },
  "results": {
    "num_epochs": 0,
    "train_loss": [
      1.7134217023849487,
      1.3305950164794922,
      1.1621955633163452,
      1.053331732749939,
      0.958474338054657,
      0.8766411542892456,
      0.8156002163887024,
      0.7575149536132812,
      0.6776696443557739,
      0.6115486025810242,
      0.5673931837081909
    ],
    "train_acc": [
      39.452,
      53.782,
      60.206,
      64.21,
      67.742,
      70.958,
      73.438,
      75.728,
      78.712,
      81.56,
      83.006
    ],
    "test_loss": [
      1.4518311023712158,
      1.2572163343429565,
      1.2163769006729126,
      1.1833364963531494,
      1.1626272201538086,
      1.1905579566955566,
      1.263773798942566,
      1.3902627229690552,
      1.4551643133163452,
      1.4483256340026855,
      1.5920188426971436
    ],
    "test_acc": [
      48.36,
      55.55,
      57.25,
      58.59,
      59.66,
      59.69,
      58.86,
      56.47,
      55.96,
      58.16,
      57.57
    ]
  }
}