{
  "config": {
    "run_name": "exp1_4",
    "out_dir": "./results",
    "seed": 570862052,
    "device": null,
    "bs_train": 128,
    "bs_test": 32,
    "batches": 100,
    "epochs": 100,
    "early_stopping": 5,
    "checkpoints": null,
    "lr": 0.001,
    "reg": 0.001,
    "filters_per_layer": [
      64,
      128,
      256
    ],
    "pool_every": 5,
    "hidden_dims": [
      100
    ],
    "model_type": "resnet",
    "pooling_params": {
      "kernel_size": 2
    },
    "conv_params": {
      "kernel_size": 3,
      "padding": 1
    },
    "dropout": 0.1,
    "batchnorm": true,
    "bottleneck": false,
    "kw": {},
    "layers_per_block": 4
  },
  "results": {
    "num_epochs": 0,
    "train_loss": [
      2.2647881507873535,
      2.081371545791626,
      1.9657914638519287,
      1.902657389640808,
      1.8256115913391113,
      1.73855721950531,
      1.666585087776184,
      1.5948880910873413,
      1.5337498188018799,
      1.4891518354415894,
      1.4526935815811157,
      1.4169373512268066,
      1.3807439804077148,
      1.3425742387771606,
      1.3028863668441772,
      1.265291690826416,
      1.230147123336792,
      1.198991060256958,
      1.1660621166229248,
      1.132002353668213,
      1.0971217155456543,
      1.0635467767715454,
      1.0295764207839966,
      0.9970077872276306,
      0.9677159786224365,
      0.9381353259086609,
      0.9105220437049866,
      0.8844698071479797,
      0.8590789437294006,
      0.8350264430046082,
      0.8120611310005188,
      0.786676287651062,
      0.7612788677215576,
      0.7369453310966492,
      0.7135162949562073,
      0.6886847019195557,
      0.6635071039199829,
      0.6368622183799744,
      0.6114591360092163,
      0.5859007835388184,
      0.5613561868667603,
      0.5370857119560242,
      0.5115346908569336,
      0.48777997493743896
    ],
    "train_acc": [
      18.218,
      26.166,
      29.316,
      32.638,
      35.546,
      38.484,
      40.672,
      42.954,
      45.056,
      46.536,
      48.142,
      49.57,
      50.95,
      52.392,
      53.94,
      55.416,
      56.85,
      58.184,
      59.428,
      60.536,
      61.954,
      63.284,
      64.606,
      65.714,
      66.854,
      67.924,
      68.88,
      69.874,
      70.872,
      71.724,
      72.64,
      73.588,
      74.498,
      75.438,
      76.288,
      77.248,
      78.298,
      79.224,
      80.166,
      81.032,
      81.974,
      82.936,
      83.876,
      84.828
    ],
    "test_loss": [
      2.2033255100250244,
      1.9893136024475098,
      1.929438829421997,
      1.863534688949585,
      1.786242961883545,
      1.6975163221359253,
      1.6083561182022095,
      1.5367494821548462,
      1.4866896867752075,
      1.4506808519363403,
      1.4205446243286133,
      1.3850040435791016,
      1.344089150428772,
      1.3104698657989502,
      1.2737107276916504,
      1.2377970218658447,
      1.2052325010299683,
      1.186941146850586,
      1.1680203676223755,
      1.1398499011993408,
      1.1170988082885742,
      1.0944404602050781,
      1.060966968536377,
      1.0428656339645386,
      1.026875376701355,
      1.0149701833724976,
      1.0097486972808838,
      1.0013223886489868,
      0.9829778075218201,
      0.969937264919281,
      0.9465329647064209,
      0.9164158701896667,
      0.8905850052833557,
      0.8756911754608154,
      0.8663128018379211,
      0.848067581653595,
      0.8369771242141724,
      0.8331394195556641,
      0.8397334814071655,
      0.8601760268211365,
      0.8839154839515686,
      0.896373987197876,
      0.9093279838562012,
      0.9251515865325928
    ],
    "test_acc": [
      21.98,
      27.87,
      30.65,
      33.48,
      36.06,
      38.86,
      41.62,
      44.24,
      46.05,
      47.65,
      48.91,
      50.21,
      51.48,
      52.85,
      54.32,
      55.59,
      56.91,
      57.93,
      58.42,
      59.65,
      60.65,
      61.45,
      62.48,
      63.18,
      63.58,
      64.1,
      64.54,
      64.65,
      65.42,
      65.71,
      66.76,
      67.68,
      68.29,
      69.09,
      69.45,
      70.21,
      70.62,
      71.15,
      71.36,
      71.08,
      70.62,
      70.29,
      69.75,
      69.71
    ]
  }
}