{
  "config": {
    "run_name": "exp1_1_1",
    "out_dir": "./results",
    "seed": 51546108,
    "device": null,
    "bs_train": 128,
    "bs_test": 32,
    "batches": 100,
    "epochs": 100,
    "early_stopping": 3,
    "checkpoints": null,
    "lr": 0.001,
    "reg": 0.001,
    "filters_per_layer": [
      64
    ],
    "pool_every": 3,
    "hidden_dims": [
      100
    ],
    "model_type": "cnn",
    "pooling_params": {
      "kernel_size": 2
    },
    "conv_params": {
      "kernel_size": 3,
      "padding": 1
    },
    "kw": {},
    "layers_per_block": 2
  },
  "results": {
    "num_epochs": 0,
    "train_loss": [
      1.5803778171539307,
      1.2496583461761475,
      1.093752145767212,
      0.9709784984588623,
      0.8591594099998474,
      0.7585722208023071,
      0.6411352753639221,
      0.5394660830497742,
      0.4648135304450989,
      0.3874322474002838
    ],
    "train_acc": [
      44.822,
      57.16,
      62.972,
      67.768,
      72.284,
      76.286,
      80.992,
      85.016,
      87.844,
      90.398
    ],
    "test_loss": [
      1.391883373260498,
      1.2907906770706177,
      1.2167500257492065,
      1.1959580183029175,
      1.2066067457199097,
      1.2904911041259766,
      1.336634635925293,
      1.4990863800048828,
      1.583362340927124,
      1.7200121879577637
    ],
    "test_acc": [
      50.9,
      55.22,
      57.58,
      58.7,
      59.03,
      58.76,
      59.97,
      58.96,
      58.42,
      59.48
    ]
  }
}