{
  "config": {
    "run_name": "exp1_4",
    "out_dir": "./results",
    "seed": 1345668360,
    "device": null,
    "bs_train": 128,
    "bs_test": 32,
    "batches": 100,
    "epochs": 100,
    "early_stopping": 5,
    "checkpoints": null,
    "lr": 0.001,
    "reg": 0.001,
    "filters_per_layer": [
      32
    ],
    "pool_every": 6,
    "hidden_dims": [
      100
    ],
    "model_type": "resnet",
    "pooling_params": {
      "kernel_size": 2
    },
    "conv_params": {
      "kernel_size": 3,
      "padding": 1
    },
    "dropout": 0.1,
    "batchnorm": true,
    "bottleneck": false,
    "kw": {},
    "layers_per_block": 32
  },
  "results": {
    "num_epochs": 0,
    "train_loss": [
      1.9040842056274414,
      1.5561468601226807,
      1.3925554752349854,
      1.2646163702011108,
      1.1539286375045776,
      1.0657408237457275,
      0.9788475036621094,
      0.9178381562232971,
      0.8614491820335388,
      0.8171237707138062,
      0.774231493473053,
      0.7392044067382812,
      0.7080885171890259,
      0.6888257265090942,
      0.6478510499000549,
      0.6225242018699646,
      0.5945119857788086,
      0.5866032242774963,
      0.5598909258842468,
      0.5380247235298157,
      0.5216671228408813,
      0.5106913447380066,
      0.5074877142906189,
      0.49085140228271484,
      0.48186540603637695,
      0.46655943989753723,
      0.46195998787879944,
      0.4475540518760681,
      0.4483904540538788,
      0.43485957384109497
    ],
    "train_acc": [
      30.556,
      44.068,
      50.59,
      55.718,
      60.294,
      63.564,
      67.24,
      69.544,
      71.798,
      73.594,
      75.178,
      76.482,
      77.758,
      78.778,
      80.242,
      81.248,
      82.402,
      82.754,
      83.584,
      84.534,
      85.298,
      85.766,
      85.798,
      86.606,
      86.86,
      87.468,
      87.612,
      88.204,
      88.268,
      88.618
    ],
    "test_loss": [
      1.6449110507965088,
      1.467892050743103,
      1.3046389818191528,
      1.3040077686309814,
      1.168787956237793,
      1.1695753335952759,
      1.0552719831466675,
      1.0156190395355225,
      0.9514057636260986,
      0.9283658862113953,
      0.8937904238700867,
      0.8996815085411072,
      0.933552086353302,
      0.9660890102386475,
      0.9280449748039246,
      0.9036186337471008,
      0.9040538668632507,
      0.9229443669319153,
      0.9171953797340393,
      0.945359468460083,
      0.9517953991889954,
      0.9244032502174377,
      0.9021291136741638,
      0.925966203212738,
      0.9149966239929199,
      0.9301812052726746,
      1.0115187168121338,
      0.9847613573074341,
      0.9944243431091309,
      0.9562763571739197
    ],
    "test_acc": [
      39.51,
      46.9,
      52.68,
      54.51,
      57.97,
      58.63,
      62.48,
      64.56,
      66.89,
      67.81,
      69.09,
      69.54,
      68.14,
      67.86,
      69.16,
      69.97,
      70.39,
      69.98,
      70.4,
      70.42,
      69.85,
      71.19,
      71.05,
      71.11,
      71.55,
      71.18,
      69.32,
      70.5,
      70.66,
      71.44
    ]
  }
}