{
  "config": {
    "run_name": "exp1_4",
    "out_dir": "./results",
    "seed": 2078672511,
    "device": null,
    "bs_train": 128,
    "bs_test": 32,
    "batches": 100,
    "epochs": 100,
    "early_stopping": 5,
    "checkpoints": null,
    "lr": 0.001,
    "reg": 0.001,
    "filters_per_layer": [
      32
    ],
    "pool_every": 6,
    "hidden_dims": [
      100
    ],
    "model_type": "resnet",
    "pooling_params": {
      "kernel_size": 2
    },
    "conv_params": {
      "kernel_size": 3,
      "padding": 1
    },
    "dropout": 0.1,
    "batchnorm": true,
    "bottleneck": false,
    "kw": {},
    "layers_per_block": 16
  },
  "results": {
    "num_epochs": 0,
    "train_loss": [
      2.279224395751953,
      2.2157094478607178,
      2.1163101196289062,
      2.0362136363983154,
      1.976639747619629,
      1.921398401260376,
      1.8609973192214966,
      1.7824076414108276,
      1.6791170835494995,
      1.5945768356323242,
      1.5462357997894287,
      1.5092706680297852,
      1.476120114326477,
      1.4447112083435059,
      1.4143370389938354,
      1.3857226371765137,
      1.359928846359253,
      1.3358168601989746,
      1.3126121759414673,
      1.2898902893066406,
      1.2657175064086914,
      1.2394378185272217,
      1.2138643264770508,
      1.1883580684661865,
      1.1645512580871582,
      1.141252040863037,
      1.1166890859603882,
      1.0929968357086182,
      1.0699657201766968,
      1.0470926761627197,
      1.0243635177612305,
      1.0017564296722412,
      0.9799307584762573,
      0.9585416913032532,
      0.9378858804702759,
      0.9166974425315857,
      0.8968449831008911,
      0.8773025274276733,
      0.8590002059936523,
      0.8413792252540588,
      0.8247247338294983,
      0.8080792427062988,
      0.7925881743431091,
      0.7766676545143127,
      0.7619503736495972,
      0.7471288442611694,
      0.731810986995697,
      0.7166264057159424,
      0.7019192576408386,
      0.688793420791626,
      0.674235463142395,
      0.6587320566177368,
      0.6437981724739075,
      0.6289726495742798,
      0.6147050857543945,
      0.59992516040802,
      0.5856783390045166,
      0.5701507925987244,
      0.5550147891044617,
      0.5408257842063904,
      0.5271052718162537
    ],
    "train_acc": [
      15.348,
      20.68,
      24.91,
      27.36,
      29.198,
      31.502,
      34.318,
      37.31,
      40.604,
      43.054,
      44.786,
      46.176,
      47.364,
      48.552,
      49.486,
      50.74,
      51.632,
      52.532,
      53.516,
      54.434,
      55.408,
      56.162,
      57.256,
      58.206,
      59.328,
      60.154,
      60.928,
      61.81,
      62.618,
      63.576,
      64.448,
      65.35,
      66.09,
      66.808,
      67.524,
      68.388,
      69.104,
      69.818,
      70.478,
      71.112,
      71.756,
      72.342,
      72.9,
      73.59,
      74.144,
      74.63,
      75.202,
      75.73,
      76.324,
      76.802,
      77.318,
      77.988,
      78.396,
      78.916,
      79.476,
      79.996,
      80.568,
      81.304,
      81.918,
      82.496,
      82.984
    ],
    "test_loss": [
      2.2559714317321777,
      2.1683504581451416,
      2.067432403564453,
      2.00001859664917,
      1.9418485164642334,
      1.889492154121399,
      1.821668267250061,
      1.7265641689300537,
      1.613043189048767,
      1.5629291534423828,
      1.5079972743988037,
      1.472873568534851,
      1.4431766271591187,
      1.418137550354004,
      1.3949759006500244,
      1.3639397621154785,
      1.3354862928390503,
      1.3128643035888672,
      1.2933489084243774,
      1.2794054746627808,
      1.266129493713379,
      1.2506415843963623,
      1.223583698272705,
      1.1977250576019287,
      1.1701385974884033,
      1.1460353136062622,
      1.1274410486221313,
      1.1150048971176147,
      1.105047345161438,
      1.0910327434539795,
      1.078125238418579,
      1.0598328113555908,
      1.039079189300537,
      1.0230954885482788,
      1.0055855512619019,
      0.9925982356071472,
      0.975185215473175,
      0.9615434408187866,
      0.9499586820602417,
      0.9370706081390381,
      0.9261611700057983,
      0.9142419099807739,
      0.9025366902351379,
      0.8941609263420105,
      0.8846607208251953,
      0.8769996166229248,
      0.873661994934082,
      0.8687650561332703,
      0.8639510869979858,
      0.8572428226470947,
      0.8503866195678711,
      0.8468599319458008,
      0.8446563482284546,
      0.8438102602958679,
      0.8456746339797974,
      0.8479212522506714,
      0.8517678380012512,
      0.8575829267501831,
      0.8663665056228638,
      0.8727172017097473,
      0.878104567527771
    ],
    "test_acc": [
      18.85,
      21.32,
      25.6,
      27.39,
      29.71,
      31.94,
      35.33,
      38.05,
      41.77,
      43.72,
      45.94,
      47.07,
      48.21,
      49.16,
      50.19,
      51.11,
      51.95,
      52.46,
      53.14,
      53.85,
      54.67,
      55.31,
      56.16,
      57.28,
      58.37,
      59.27,
      59.99,
      60.49,
      60.77,
      61.41,
      61.72,
      62.46,
      63.37,
      63.83,
      64.8,
      65.31,
      66.01,
      66.6,
      67.07,
      67.47,
      67.94,
      68.22,
      68.72,
      69.02,
      69.35,
      69.62,
      69.58,
      70.16,
      70.47,
      70.79,
      71.12,
      71.11,
      71.22,
      71.39,
      71.38,
      71.71,
      71.54,
      71.51,
      71.36,
      71.38,
      71.32
    ]
  }
}