{
  "config": {
    "run_name": "exp1_3",
    "out_dir": "./results",
    "seed": 117761276,
    "device": null,
    "bs_train": 128,
    "bs_test": 32,
    "batches": 100,
    "epochs": 100,
    "early_stopping": 5,
    "checkpoints": null,
    "lr": 0.001,
    "reg": 0.001,
    "filters_per_layer": [
      64,
      128,
      256
    ],
    "pool_every": 3,
    "hidden_dims": [
      100
    ],
    "model_type": "cnn",
    "pooling_params": {
      "kernel_size": 2
    },
    "conv_params": {
      "kernel_size": 3,
      "padding": 1
    },
    "dropout": 0.1,
    "batchnorm": true,
    "bottleneck": false,
    "kw": {},
    "layers_per_block": 2
  },
  "results": {
    "num_epochs": 0,
    "train_loss": [
      2.3039228916168213,
      2.3029768466949463,
      2.3025429248809814,
      2.302213191986084,
      2.301713705062866,
      2.300431728363037,
      2.2940847873687744,
      2.202542781829834,
      1.9990582466125488,
      1.8850632905960083,
      1.7638792991638184,
      1.6691789627075195,
      1.5884480476379395,
      1.5175223350524902,
      1.4585425853729248,
      1.410372257232666,
      1.3688045740127563,
      1.3290300369262695,
      1.2905875444412231,
      1.2569749355316162,
      1.2244925498962402,
      1.1900979280471802,
      1.1516543626785278,
      1.1149288415908813,
      1.0782582759857178,
      1.039233922958374,
      0.9993826150894165,
      0.9564855098724365,
      0.9146915674209595,
      0.8735833168029785,
      0.8357726335525513,
      0.789217472076416,
      0.7410372495651245,
      0.6887869834899902,
      0.6399363279342651,
      0.6054695844650269,
      0.5700019598007202,
      0.5291428565979004,
      0.4797954559326172
    ],
    "train_acc": [
      9.896,
      10.018,
      10.092,
      10.19,
      12.75,
      12.546,
      11.19,
      18.128,
      28.69,
      32.918,
      37.69,
      41.03,
      43.758,
      46.354,
      48.656,
      50.324,
      51.974,
      53.396,
      54.856,
      56.134,
      57.406,
      58.778,
      60.212,
      61.604,
      63.08,
      64.586,
      66.132,
      67.77,
      69.554,
      71.194,
      72.798,
      74.574,
      76.624,
      78.656,
      80.656,
      82.18,
      83.694,
      85.25,
      87.214
    ],
    "test_loss": [
      2.3032422065734863,
      2.3026809692382812,
      2.3023300170898438,
      2.3019444942474365,
      2.3012077808380127,
      2.2988786697387695,
      2.2824034690856934,
      2.1070404052734375,
      1.946982979774475,
      1.8118798732757568,
      1.6946539878845215,
      1.6042639017105103,
      1.5289888381958008,
      1.476298451423645,
      1.453815221786499,
      1.4181498289108276,
      1.4092872142791748,
      1.3881622552871704,
      1.3685874938964844,
      1.3462252616882324,
      1.3080778121948242,
      1.2677894830703735,
      1.2355766296386719,
      1.2164442539215088,
      1.1960878372192383,
      1.1760585308074951,
      1.1600967645645142,
      1.1434775590896606,
      1.1331883668899536,
      1.1284898519515991,
      1.13994300365448,
      1.1643258333206177,
      1.175168752670288,
      1.1943359375,
      1.2420971393585205,
      1.3272051811218262,
      1.5503798723220825,
      1.4615556001663208,
      1.509665608406067
    ],
    "test_acc": [
      10.0,
      10.0,
      10.02,
      10.97,
      12.02,
      10.52,
      10.5,
      24.77,
      30.32,
      35.26,
      40.55,
      43.06,
      45.42,
      47.33,
      48.76,
      49.95,
      50.53,
      51.21,
      51.89,
      52.44,
      53.89,
      55.18,
      56.18,
      56.91,
      57.85,
      58.58,
      59.15,
      59.9,
      60.31,
      61.34,
      61.76,
      61.81,
      62.38,
      63.09,
      62.94,
      61.88,
      59.19,
      61.46,
      60.92
    ]
  }
}