{
  "config": {
    "run_name": "exp1_2",
    "out_dir": "./results",
    "seed": 1216954650,
    "device": null,
    "bs_train": 128,
    "bs_test": 32,
    "batches": 100,
    "epochs": 100,
    "early_stopping": 5,
    "checkpoints": null,
    "lr": 0.001,
    "reg": 0.001,
    "filters_per_layer": [
      256
    ],
    "pool_every": 3,
    "hidden_dims": [
      100
    ],
    "model_type": "cnn",
    "pooling_params": {
      "kernel_size": 2
    },
    "conv_params": {
      "kernel_size": 3,
      "padding": 1
    },
    "dropout": 0.1,
    "batchnorm": true,
    "bottleneck": false,
    "kw": {},
    "layers_per_block": 4
  },
  "results": {
    "num_epochs": 0,
    "train_loss": [
      2.2381367683410645,
      1.9032864570617676,
      1.7489832639694214,
      1.6440855264663696,
      1.549858808517456,
      1.4701552391052246,
      1.4057292938232422,
      1.3426787853240967,
      1.2798205614089966,
      1.2279582023620605,
      1.1797996759414673,
      1.1319642066955566,
      1.08437979221344,
      1.0373930931091309,
      0.9909461736679077,
      0.9452983140945435,
      0.8989202380180359,
      0.8509594202041626,
      0.8029285073280334,
      0.7537990808486938,
      0.70467609167099,
      0.6528468728065491,
      0.6030425429344177,
      0.5538094639778137,
      0.505924642086029,
      0.46627432107925415,
      0.4269099533557892,
      0.39049196243286133,
      0.34063395857810974,
      0.2972995340824127,
      0.26893559098243713
    ],
    "train_acc": [
      16.228,
      32.842,
      38.628,
      42.146,
      45.356,
      48.344,
      50.926,
      53.288,
      55.576,
      57.42,
      59.394,
      61.088,
      62.92,
      64.718,
      66.474,
      68.296,
      70.174,
      72.05,
      73.828,
      75.764,
      77.784,
      79.936,
      82.062,
      84.116,
      85.988,
      87.546,
      89.0,
      90.384,
      92.208,
      93.596,
      94.504
    ],
    "test_loss": [
      2.0165345668792725,
      1.8041898012161255,
      1.6858057975769043,
      1.5830765962600708,
      1.498157024383545,
      1.4293632507324219,
      1.3623186349868774,
      1.3097801208496094,
      1.278327465057373,
      1.2404199838638306,
      1.2122564315795898,
      1.1929603815078735,
      1.1726045608520508,
      1.1573280096054077,
      1.1507227420806885,
      1.1453768014907837,
      1.1369168758392334,
      1.1345446109771729,
      1.1324512958526611,
      1.1435548067092896,
      1.1592519283294678,
      1.1790934801101685,
      1.2059757709503174,
      1.2417664527893066,
      1.2741185426712036,
      1.3192565441131592,
      1.3894834518432617,
      1.4911483526229858,
      1.5723683834075928,
      1.6227360963821411,
      1.7344145774841309
    ],
    "test_acc": [
      28.21,
      36.53,
      40.53,
      44.32,
      47.13,
      48.78,
      50.94,
      53.25,
      54.88,
      56.23,
      57.21,
      57.95,
      58.86,
      59.11,
      59.46,
      59.97,
      60.74,
      61.29,
      61.92,
      62.48,
      62.61,
      62.75,
      62.72,
      62.78,
      62.87,
      62.99,
      62.62,
      62.47,
      62.25,
      62.6,
      61.99
    ]
  }
}