{
  "config": {
    "run_name": "exp1_2",
    "out_dir": "./results",
    "seed": 781154691,
    "device": null,
    "bs_train": 128,
    "bs_test": 32,
    "batches": 100,
    "epochs": 100,
    "early_stopping": 5,
    "checkpoints": null,
    "lr": 0.001,
    "reg": 0.001,
    "filters_per_layer": [
      128
    ],
    "pool_every": 3,
    "hidden_dims": [
      100
    ],
    "model_type": "cnn",
    "pooling_params": {
      "kernel_size": 2
    },
    "conv_params": {
      "kernel_size": 3,
      "padding": 1
    },
    "dropout": 0.1,
    "batchnorm": true,
    "bottleneck": false,
    "kw": {},
    "layers_per_block": 4
  },
  "results": {
    "num_epochs": 0,
    "train_loss": [
      2.3003954887390137,
      2.1774277687072754,
      1.9023058414459229,
      1.758618712425232,
      1.6489546298980713,
      1.5648542642593384,
      1.491959571838379,
      1.4313234090805054,
      1.3801162242889404,
      1.3296020030975342,
      1.2784125804901123,
      1.2312378883361816,
      1.1868640184402466,
      1.145617961883545,
      1.102521538734436,
      1.0608549118041992,
      1.0187004804611206,
      0.9769172072410583,
      0.9342879056930542,
      0.8919618129730225,
      0.8476182818412781,
      0.8024088740348816,
      0.7583948969841003,
      0.7119469046592712,
      0.6642336845397949,
      0.6163495182991028,
      0.5722649097442627,
      0.5350590944290161,
      0.5007125735282898,
      0.4597005844116211,
      0.411110520362854,
      0.3640398681163788,
      0.32816943526268005,
      0.31458210945129395,
      0.30043095350265503,
      0.26885631680488586
    ],
    "train_acc": [
      11.06,
      21.104,
      32.82,
      37.934,
      41.808,
      44.748,
      47.464,
      49.858,
      51.746,
      53.606,
      55.41,
      57.086,
      58.892,
      60.376,
      62.062,
      63.796,
      65.294,
      66.98,
      68.576,
      70.364,
      72.114,
      73.85,
      75.592,
      77.414,
      79.31,
      81.256,
      83.158,
      84.734,
      85.98,
      87.62,
      89.532,
      91.092,
      92.396,
      92.992,
      93.442,
      94.418
    ],
    "test_loss": [
      2.292191505432129,
      2.004068613052368,
      1.8291590213775635,
      1.6965415477752686,
      1.5833473205566406,
      1.498486042022705,
      1.4303568601608276,
      1.3894596099853516,
      1.3432023525238037,
      1.3004473447799683,
      1.268416166305542,
      1.2495344877243042,
      1.2293267250061035,
      1.2136882543563843,
      1.1886003017425537,
      1.176131248474121,
      1.166382908821106,
      1.1531962156295776,
      1.156429409980774,
      1.156253695487976,
      1.163316011428833,
      1.1675454378128052,
      1.1809593439102173,
      1.1973544359207153,
      1.2207576036453247,
      1.2421385049819946,
      1.2891350984573364,
      1.3305819034576416,
      1.3514714241027832,
      1.3867536783218384,
      1.3834208250045776,
      1.456015706062317,
      1.609879970550537,
      1.6978689432144165,
      1.6708508729934692,
      1.7788491249084473
    ],
    "test_acc": [
      16.95,
      28.78,
      35.22,
      40.0,
      44.38,
      47.04,
      49.23,
      50.62,
      51.86,
      53.8,
      55.31,
      55.68,
      56.08,
      56.95,
      57.73,
      58.22,
      58.77,
      59.41,
      59.39,
      59.77,
      59.78,
      60.17,
      60.39,
      60.65,
      60.94,
      61.26,
      61.28,
      61.15,
      60.6,
      61.08,
      62.41,
      62.41,
      61.37,
      60.88,
      61.92,
      60.7
    ]
  }
}