{
  "config": {
    "run_name": "exp1_3",
    "out_dir": "./results",
    "seed": 403404748,
    "device": null,
    "bs_train": 128,
    "bs_test": 32,
    "batches": 100,
    "epochs": 100,
    "early_stopping": 5,
    "checkpoints": null,
    "lr": 0.001,
    "reg": 0.001,
    "filters_per_layer": [
      64,
      128,
      256
    ],
    "pool_every": 3,
    "hidden_dims": [
      100
    ],
    "model_type": "cnn",
    "pooling_params": {
      "kernel_size": 2
    },
    "conv_params": {
      "kernel_size": 3,
      "padding": 1
    },
    "dropout": 0.1,
    "batchnorm": true,
    "bottleneck": false,
    "kw": {},
    "layers_per_block": 1
  },
  "results": {
    "num_epochs": 0,
    "train_loss": [
      1.516099214553833,
      1.065212368965149,
      0.8549410700798035,
      0.7009696960449219,
      0.583034336566925,
      0.48620620369911194,
      0.3977605998516083,
      0.3191293776035309,
      0.25193047523498535
    ],
    "train_acc": [
      46.926,
      64.122,
      72.018,
      78.128,
      82.848,
      86.912,
      90.08,
      92.808,
      94.982
    ],
    "test_loss": [
      1.212567925453186,
      0.9964374303817749,
      0.9075140953063965,
      0.9378286600112915,
      1.012648344039917,
      1.1412489414215088,
      1.2190204858779907,
      1.3973314762115479,
      1.6054558753967285
    ],
    "test_acc": [
      56.38,
      65.14,
      68.57,
      68.66,
      68.41,
      67.13,
      66.73,
      66.65,
      66.76
    ]
  }
}