{
  "config": {
    "run_name": "exp1_2",
    "out_dir": "./results",
    "seed": 1205639487,
    "device": null,
    "bs_train": 128,
    "bs_test": 32,
    "batches": 100,
    "epochs": 100,
    "early_stopping": 5,
    "checkpoints": null,
    "lr": 0.001,
    "reg": 0.001,
    "filters_per_layer": [
      128
    ],
    "pool_every": 3,
    "hidden_dims": [
      100
    ],
    "model_type": "cnn",
    "pooling_params": {
      "kernel_size": 2
    },
    "conv_params": {
      "kernel_size": 3,
      "padding": 1
    },
    "dropout": 0.1,
    "batchnorm": true,
    "bottleneck": false,
    "kw": {},
    "layers_per_block": 2
  },
  "results": {
    "num_epochs": 0,
    "train_loss": [
      2.0253570079803467,
      1.7594021558761597,
      1.6247836351394653,
      1.534015417098999,
      1.4609837532043457,
      1.400063395500183,
      1.3497101068496704,
      1.3039995431900024,
      1.2605551481246948,
      1.2185642719268799,
      1.1785905361175537,
      1.1415295600891113,
      1.105806589126587,
      1.0709443092346191,
      1.0365972518920898,
      1.0031334161758423,
      0.9702165722846985,
      0.9373664259910583,
      0.9047965407371521,
      0.8721535801887512,
      0.8394362330436707,
      0.8055834174156189,
      0.7713602185249329,
      0.7364638447761536,
      0.7015339732170105,
      0.6663437485694885,
      0.6304848194122314,
      0.5942975878715515,
      0.5582075119018555
    ],
    "train_acc": [
      27.52,
      38.548,
      43.05,
      46.22,
      48.546,
      50.85,
      52.712,
      54.382,
      55.866,
      57.442,
      58.964,
      60.522,
      61.706,
      63.022,
      64.458,
      65.69,
      66.95,
      68.346,
      69.556,
      70.914,
      72.08,
      73.394,
      74.754,
      76.09,
      77.526,
      78.974,
      80.404,
      81.836,
      83.284
    ],
    "test_loss": [
      1.8402539491653442,
      1.6625467538833618,
      1.5546202659606934,
      1.4789012670516968,
      1.4179167747497559,
      1.3655236959457397,
      1.3246444463729858,
      1.2910059690475464,
      1.2620577812194824,
      1.237593412399292,
      1.2157341241836548,
      1.1943238973617554,
      1.1769335269927979,
      1.1575032472610474,
      1.1423401832580566,
      1.1285459995269775,
      1.1179430484771729,
      1.1106451749801636,
      1.102750301361084,
      1.0970956087112427,
      1.099630355834961,
      1.1010026931762695,
      1.1064600944519043,
      1.1192547082901,
      1.1296828985214233,
      1.14836585521698,
      1.1692757606506348,
      1.2008652687072754,
      1.232177972793579
    ],
    "test_acc": [
      35.47,
      42.18,
      45.17,
      47.75,
      49.83,
      51.68,
      53.0,
      54.35,
      55.27,
      56.04,
      56.75,
      57.46,
      58.16,
      58.96,
      59.54,
      60.1,
      60.57,
      60.94,
      61.29,
      61.79,
      62.05,
      62.1,
      62.33,
      62.38,
      62.16,
      62.13,
      62.08,
      61.8,
      61.52
    ]
  }
}