{
  "config": {
    "run_name": "exp1_2",
    "out_dir": "./results",
    "seed": 994434970,
    "device": null,
    "bs_train": 128,
    "bs_test": 32,
    "batches": 100,
    "epochs": 100,
    "early_stopping": 5,
    "checkpoints": null,
    "lr": 0.001,
    "reg": 0.001,
    "filters_per_layer": [
      64
    ],
    "pool_every": 3,
    "hidden_dims": [
      100
    ],
    "model_type": "cnn",
    "pooling_params": {
      "kernel_size": 2
    },
    "conv_params": {
      "kernel_size": 3,
      "padding": 1
    },
    "dropout": 0.1,
    "batchnorm": true,
    "bottleneck": false,
    "kw": {},
    "layers_per_block": 4
  },
  "results": {
    "num_epochs": 0,
    "train_loss": [
      2.2912979125976562,
      2.0734190940856934,
      1.866297721862793,
      1.7440119981765747,
      1.6607131958007812,
      1.5956826210021973,
      1.5255188941955566,
      1.4505435228347778,
      1.3921622037887573,
      1.3438993692398071,
      1.3012502193450928,
      1.2637263536453247,
      1.2271053791046143,
      1.1907317638397217,
      1.153833270072937,
      1.1151195764541626,
      1.07682204246521,
      1.038526177406311,
      1.0023362636566162,
      0.9649634957313538,
      0.9294164776802063,
      0.8927128911018372,
      0.8556188344955444,
      0.8176156878471375,
      0.7842786312103271,
      0.7541345953941345,
      0.7236418724060059,
      0.6786691546440125,
      0.6295844316482544
    ],
    "train_acc": [
      13.434,
      25.9,
      34.37,
      38.686,
      41.794,
      44.13,
      46.752,
      49.426,
      51.672,
      53.364,
      54.91,
      56.358,
      57.696,
      58.994,
      60.32,
      61.914,
      63.33,
      64.842,
      66.13,
      67.482,
      68.972,
      70.42,
      71.956,
      73.464,
      74.806,
      75.954,
      77.166,
      78.868,
      80.698
    ],
    "test_loss": [
      2.247332811355591,
      1.9406996965408325,
      1.8134509325027466,
      1.6967028379440308,
      1.6209838390350342,
      1.5572500228881836,
      1.4905083179473877,
      1.4384512901306152,
      1.4052269458770752,
      1.3740252256393433,
      1.332414984703064,
      1.3038222789764404,
      1.2824760675430298,
      1.2606309652328491,
      1.2419434785842896,
      1.2279417514801025,
      1.210544228553772,
      1.2026622295379639,
      1.1962213516235352,
      1.1923831701278687,
      1.1931437253952026,
      1.191692590713501,
      1.195857048034668,
      1.2051711082458496,
      1.2166615724563599,
      1.2519460916519165,
      1.3049925565719604,
      1.3415778875350952,
      1.3770517110824585
    ],
    "test_acc": [
      17.76,
      31.28,
      35.63,
      39.99,
      42.82,
      44.7,
      47.03,
      49.29,
      50.56,
      51.85,
      52.98,
      54.12,
      54.62,
      55.49,
      56.47,
      56.96,
      57.62,
      58.06,
      58.49,
      58.65,
      59.02,
      59.45,
      59.4,
      59.84,
      59.74,
      59.12,
      58.28,
      58.52,
      58.83
    ]
  }
}