{
  "config": {
    "run_name": "exp1_1",
    "out_dir": "./results",
    "seed": 724407358,
    "device": null,
    "bs_train": 128,
    "bs_test": 32,
    "batches": 100,
    "epochs": 100,
    "early_stopping": 5,
    "checkpoints": null,
    "lr": 0.001,
    "reg": 0.001,
    "filters_per_layer": [
      32
    ],
    "pool_every": 3,
    "hidden_dims": [
      100
    ],
    "model_type": "cnn",
    "pooling_params": {
      "kernel_size": 2
    },
    "conv_params": {
      "kernel_size": 3,
      "padding": 1
    },
    "dropout": 0.1,
    "batchnorm": true,
    "bottleneck": false,
    "kw": {},
    "layers_per_block": 16
  },
  "results": {
    "num_epochs": 0,
    "train_loss": [
      2.303215980529785,
      2.303035020828247,
      2.3029894828796387,
      2.3029515743255615,
      2.3029186725616455,
      2.302884340286255
    ],
    "train_acc": [
      9.772,
      9.848,
      9.884,
      9.804,
      9.812,
      9.84
    ],
    "test_loss": [
      2.3028626441955566,
      2.3028132915496826,
      2.302765369415283,
      2.302731990814209,
      2.3027098178863525,
      2.302687168121338
    ],
    "test_acc": [
      10.0,
      10.0,
      10.0,
      10.0,
      10.0,
      10.0
    ]
  }
}