{
  "config": {
    "run_name": "exp1_2",
    "out_dir": "./results",
    "seed": 1568440866,
    "device": null,
    "bs_train": 128,
    "bs_test": 32,
    "batches": 100,
    "epochs": 100,
    "early_stopping": 3,
    "checkpoints": null,
    "lr": 0.001,
    "reg": 0.001,
    "filters_per_layer": [
      32
    ],
    "pool_every": 3,
    "hidden_dims": [
      100
    ],
    "model_type": "cnn",
    "pooling_params": {
      "kernel_size": 2
    },
    "conv_params": {
      "kernel_size": 3,
      "padding": 1
    },
    "kw": {},
    "layers_per_block": 2
  },
  "results": {
    "num_epochs": 0,
    "train_loss": [
      1.4837403297424316,
      1.1337937116622925,
      0.9681547284126282,
      0.8402178287506104,
      0.7232452630996704,
      0.6220357418060303,
      0.5334481000900269
    ],
    "train_acc": [
      48.578,
      61.664,
      68.088,
      72.84,
      77.438,
      81.38,
      84.826
    ],
    "test_loss": [
      1.2325525283813477,
      1.114809274673462,
      1.0414239168167114,
      1.060151219367981,
      1.1239711046218872,
      1.2910195589065552,
      1.413708209991455
    ],
    "test_acc": [
      56.75,
      61.35,
      63.63,
      64.01,
      63.17,
      61.34,
      59.44
    ]
  }
}