{
  "config": {
    "run_name": "exp1_2",
    "out_dir": "./results",
    "seed": 2012678508,
    "device": null,
    "bs_train": 128,
    "bs_test": 32,
    "batches": 100,
    "epochs": 100,
    "early_stopping": 5,
    "checkpoints": null,
    "lr": 0.001,
    "reg": 0.001,
    "filters_per_layer": [
      32
    ],
    "pool_every": 3,
    "hidden_dims": [
      100
    ],
    "model_type": "cnn",
    "pooling_params": {
      "kernel_size": 2
    },
    "conv_params": {
      "kernel_size": 3,
      "padding": 1
    },
    "dropout": 0.1,
    "batchnorm": true,
    "bottleneck": false,
    "kw": {},
    "layers_per_block": 2
  },
  "results": {
    "num_epochs": 0,
    "train_loss": [
      2.0764613151550293,
      1.8336420059204102,
      1.7168811559677124,
      1.6218297481536865,
      1.5499211549758911,
      1.4911060333251953,
      1.440229058265686,
      1.3926894664764404,
      1.350528597831726,
      1.31332528591156,
      1.280213475227356,
      1.2484279870986938,
      1.2170554399490356,
      1.184679388999939,
      1.1518142223358154,
      1.1192063093185425,
      1.0882986783981323,
      1.0586415529251099,
      1.030200481414795,
      1.0019419193267822,
      0.9745937585830688,
      0.9476600289344788,
      0.9199892282485962,
      0.8927256464958191,
      0.8655105233192444,
      0.8389272093772888,
      0.8111595511436462,
      0.7833922505378723,
      0.7542077302932739,
      0.7255725860595703,
      0.6960721015930176,
      0.6656668782234192,
      0.6348206996917725,
      0.603288471698761,
      0.5725511908531189,
      0.5413641333580017
    ],
    "train_acc": [
      25.53,
      35.864,
      40.232,
      43.478,
      45.686,
      47.704,
      49.536,
      51.16,
      52.718,
      54.154,
      55.398,
      56.554,
      57.75,
      58.954,
      59.998,
      61.206,
      62.274,
      63.416,
      64.52,
      65.574,
      66.714,
      67.83,
      68.966,
      70.062,
      71.168,
      72.27,
      73.412,
      74.462,
      75.602,
      76.802,
      77.92,
      79.12,
      80.286,
      81.522,
      82.776,
      84.158
    ],
    "test_loss": [
      1.9039933681488037,
      1.7766181230545044,
      1.6517208814620972,
      1.5681953430175781,
      1.509122371673584,
      1.4632633924484253,
      1.4248952865600586,
      1.384400725364685,
      1.3500992059707642,
      1.321417212486267,
      1.2959238290786743,
      1.273046612739563,
      1.251206398010254,
      1.2307637929916382,
      1.2089579105377197,
      1.1942178010940552,
      1.1790435314178467,
      1.168196201324463,
      1.1543105840682983,
      1.1454014778137207,
      1.1373112201690674,
      1.1356724500656128,
      1.1334327459335327,
      1.1326009035110474,
      1.134350299835205,
      1.1402397155761719,
      1.1424674987792969,
      1.1505837440490723,
      1.1591345071792603,
      1.173108696937561,
      1.185404896736145,
      1.20569908618927,
      1.2214300632476807,
      1.2416406869888306,
      1.2693169116973877,
      1.2971042394638062
    ],
    "test_acc": [
      32.59,
      37.09,
      42.3,
      45.14,
      47.0,
      48.14,
      49.48,
      51.02,
      52.5,
      53.32,
      54.21,
      54.91,
      55.82,
      56.63,
      57.61,
      58.23,
      58.65,
      59.01,
      59.46,
      59.69,
      59.84,
      60.18,
      60.28,
      60.53,
      60.8,
      60.69,
      60.85,
      60.86,
      61.14,
      61.05,
      61.18,
      60.89,
      61.02,
      60.85,
      60.67,
      60.69
    ]
  }
}