{
  "config": {
    "run_name": "exp1_1_1",
    "out_dir": "./results",
    "seed": 860675060,
    "device": null,
    "bs_train": 128,
    "bs_test": 32,
    "batches": 100,
    "epochs": 100,
    "early_stopping": 3,
    "checkpoints": null,
    "lr": 0.001,
    "reg": 0.001,
    "filters_per_layer": [
      32
    ],
    "pool_every": 3,
    "hidden_dims": [
      100
    ],
    "model_type": "cnn",
    "pooling_params": {
      "kernel_size": 2
    },
    "conv_params": {
      "kernel_size": 3,
      "padding": 1
    },
    "kw": {},
    "layers_per_block": 4
  },
  "results": {
    "num_epochs": 0,
    "train_loss": [
      1.5970783233642578,
      1.1751326322555542,
      0.9720280766487122,
      0.8354899287223816,
      0.7228652834892273,
      0.6315270066261292,
      0.541785717010498,
      0.46851933002471924
    ],
    "train_acc": [
      43.622,
      59.59,
      67.32,
      72.626,
      77.006,
      80.488,
      84.062,
      87.122
    ],
    "test_loss": [
      1.3031350374221802,
      1.0799295902252197,
      1.0015496015548706,
      0.9456931352615356,
      0.980318009853363,
      1.041476845741272,
      1.2023953199386597,
      1.304323673248291
    ],
    "test_acc": [
      53.19,
      61.71,
      64.79,
      67.41,
      67.46,
      67.09,
      66.55,
      65.39
    ]
  }
}