{
  "config": {
    "run_name": "exp1_4",
    "out_dir": "./results",
    "seed": 480290122,
    "device": null,
    "bs_train": 128,
    "bs_test": 32,
    "batches": 100,
    "epochs": 100,
    "early_stopping": 5,
    "checkpoints": null,
    "lr": 0.001,
    "reg": 0.001,
    "filters_per_layer": [
      64,
      128,
      256
    ],
    "pool_every": 5,
    "hidden_dims": [
      100
    ],
    "model_type": "resnet",
    "pooling_params": {
      "kernel_size": 2
    },
    "conv_params": {
      "kernel_size": 3,
      "padding": 1
    },
    "dropout": 0.1,
    "batchnorm": true,
    "bottleneck": false,
    "kw": {},
    "layers_per_block": 2
  },
  "results": {
    "num_epochs": 0,
    "train_loss": [
      1.605841040611267,
      1.1679928302764893,
      0.9865650534629822,
      0.8549772500991821,
      0.7443698644638062,
      0.6490902304649353,
      0.5785858035087585,
      0.5014691948890686,
      0.4219113290309906,
      0.36728256940841675
    ],
    "train_acc": [
      44.928,
      60.394,
      66.978,
      72.36,
      76.444,
      80.168,
      82.87,
      86.082,
      89.378,
      91.336
    ],
    "test_loss": [
      1.2770057916641235,
      1.092039942741394,
      1.026818037033081,
      0.9688829779624939,
      0.9693236947059631,
      1.0397388935089111,
      1.0450897216796875,
      1.1851803064346313,
      1.4439916610717773,
      1.5711253881454468
    ],
    "test_acc": [
      54.08,
      61.17,
      63.85,
      65.74,
      66.69,
      65.88,
      66.63,
      64.88,
      63.63,
      62.69
    ]
  }
}