{
  "config": {
    "run_name": "exp1_4",
    "out_dir": "./results",
    "seed": 1878142640,
    "device": null,
    "bs_train": 128,
    "bs_test": 32,
    "batches": 100,
    "epochs": 100,
    "early_stopping": 5,
    "checkpoints": null,
    "lr": 0.001,
    "reg": 0.001,
    "filters_per_layer": [
      32
    ],
    "pool_every": 6,
    "hidden_dims": [
      100
    ],
    "model_type": "resnet",
    "pooling_params": {
      "kernel_size": 2
    },
    "conv_params": {
      "kernel_size": 3,
      "padding": 1
    },
    "dropout": 0.1,
    "batchnorm": true,
    "bottleneck": false,
    "kw": {},
    "layers_per_block": 16
  },
  "results": {
    "num_epochs": 0,
    "train_loss": [
      1.6487226486206055,
      1.2337288856506348,
      1.0414420366287231,
      0.895466685295105,
      0.7959214448928833,
      0.7252132296562195,
      0.6595958471298218,
      0.6089401245117188,
      0.5587032437324524,
      0.524416983127594,
      0.4828537106513977,
      0.4444297254085541,
      0.4134427309036255,
      0.38183319568634033,
      0.34382709860801697,
      0.3274558484554291
    ],
    "train_acc": [
      41.022,
      57.41,
      64.622,
      70.03,
      73.804,
      76.668,
      79.01,
      80.922,
      82.9,
      84.202,
      85.586,
      87.242,
      88.562,
      89.744,
      91.04,
      91.828
    ],
    "test_loss": [
      1.3156012296676636,
      1.1266227960586548,
      0.9851806163787842,
      0.8987681269645691,
      0.8403027653694153,
      0.8193954825401306,
      0.8236855864524841,
      0.8215516209602356,
      0.8875609636306763,
      0.8798288106918335,
      0.8653120398521423,
      0.9458746910095215,
      0.953249990940094,
      0.984437108039856,
      1.132010579109192,
      1.2490171194076538
    ],
    "test_acc": [
      53.02,
      59.83,
      65.13,
      68.53,
      70.47,
      71.63,
      72.21,
      72.31,
      72.0,
      71.96,
      72.86,
      72.11,
      72.53,
      72.42,
      70.95,
      70.33
    ]
  }
}