{
  "config": {
    "run_name": "exp1_1",
    "out_dir": "./results",
    "seed": 310886850,
    "device": null,
    "bs_train": 128,
    "bs_test": 32,
    "batches": 100,
    "epochs": 100,
    "early_stopping": 5,
    "checkpoints": null,
    "lr": 0.001,
    "reg": 0.001,
    "filters_per_layer": [
      64
    ],
    "pool_every": 3,
    "hidden_dims": [
      100
    ],
    "model_type": "cnn",
    "pooling_params": {
      "kernel_size": 2
    },
    "conv_params": {
      "kernel_size": 3,
      "padding": 1
    },
    "dropout": 0.1,
    "batchnorm": true,
    "bottleneck": false,
    "kw": {},
    "layers_per_block": 4
  },
  "results": {
    "num_epochs": 0,
    "train_loss": [
      2.3012256622314453,
      2.222536563873291,
      1.9471101760864258,
      1.8023935556411743,
      1.6986029148101807,
      1.6293424367904663,
      1.5795127153396606,
      1.5353025197982788,
      1.4893748760223389,
      1.4424545764923096,
      1.3955790996551514,
      1.3507543802261353,
      1.311071515083313,
      1.2736648321151733,
      1.2354079484939575,
      1.1987937688827515,
      1.1616469621658325,
      1.1254069805145264,
      1.0894513130187988,
      1.0550795793533325,
      1.0194472074508667,
      0.9821739196777344,
      0.9470770359039307,
      0.9113172292709351,
      0.8778709769248962,
      0.8400930166244507,
      0.8019328117370605,
      0.7620265483856201,
      0.7191289067268372,
      0.67842698097229,
      0.6386985778808594
    ],
    "train_acc": [
      11.572,
      18.322,
      30.88,
      36.804,
      40.49,
      43.008,
      44.824,
      46.318,
      47.908,
      49.356,
      51.11,
      52.674,
      54.324,
      55.826,
      57.336,
      58.638,
      60.108,
      61.41,
      62.8,
      64.154,
      65.55,
      67.018,
      68.42,
      69.8,
      71.162,
      72.68,
      74.096,
      75.604,
      77.22,
      78.938,
      80.68
    ],
    "test_loss": [
      2.2965784072875977,
      2.066662549972534,
      1.8685953617095947,
      1.7459402084350586,
      1.6524814367294312,
      1.5881630182266235,
      1.5451948642730713,
      1.5091586112976074,
      1.4741201400756836,
      1.4345901012420654,
      1.394821047782898,
      1.3639310598373413,
      1.3312814235687256,
      1.2988594770431519,
      1.2701492309570312,
      1.246672511100769,
      1.2276216745376587,
      1.213073492050171,
      1.20419180393219,
      1.1998382806777954,
      1.1999257802963257,
      1.194960594177246,
      1.2050838470458984,
      1.208013892173767,
      1.209835171699524,
      1.2255505323410034,
      1.2456591129302979,
      1.2756011486053467,
      1.3207972049713135,
      1.3801099061965942,
      1.4542551040649414
    ],
    "test_acc": [
      13.0,
      27.37,
      33.59,
      37.95,
      41.39,
      43.7,
      45.27,
      46.59,
      47.7,
      49.14,
      50.35,
      51.45,
      52.36,
      53.47,
      54.42,
      55.47,
      56.35,
      56.94,
      57.55,
      58.06,
      58.38,
      58.73,
      58.78,
      59.11,
      59.1,
      59.32,
      59.07,
      58.49,
      58.04,
      57.45,
      56.9
    ]
  }
}