{
  "config": {
    "run_name": "exp1_1",
    "out_dir": "./results",
    "seed": 1309926986,
    "device": null,
    "bs_train": 128,
    "bs_test": 32,
    "batches": 100,
    "epochs": 100,
    "early_stopping": 5,
    "checkpoints": null,
    "lr": 0.001,
    "reg": 0.001,
    "filters_per_layer": [
      32
    ],
    "pool_every": 3,
    "hidden_dims": [
      100
    ],
    "model_type": "cnn",
    "pooling_params": {
      "kernel_size": 2
    },
    "conv_params": {
      "kernel_size": 3,
      "padding": 1
    },
    "dropout": 0.1,
    "batchnorm": true,
    "bottleneck": false,
    "kw": {},
    "layers_per_block": 4
  },
  "results": {
    "num_epochs": 0,
    "train_loss": [
      1.5839439630508423,
      1.1853405237197876,
      0.9931880831718445,
      0.8516244888305664,
      0.7370182275772095,
      0.6492995619773865,
      0.5913845896720886,
      0.5245219469070435,
      0.46847787499427795,
      0.41488492488861084,
      0.36098042130470276,
      0.3164755702018738
    ],
    "train_acc": [
      44.07,
      59.192,
      66.668,
      71.778,
      76.114,
      79.676,
      82.092,
      84.796,
      86.906,
      88.856,
      90.642,
      92.438
    ],
    "test_loss": [
      1.3178119659423828,
      1.0972900390625,
      1.024052381515503,
      0.9772335886955261,
      0.9646975994110107,
      1.0005335807800293,
      1.0206784009933472,
      1.151682734489441,
      1.2561376094818115,
      1.288189172744751,
      1.4347434043884277,
      1.5718384981155396
    ],
    "test_acc": [
      53.5,
      61.59,
      64.23,
      66.48,
      68.26,
      67.93,
      68.71,
      66.91,
      65.6,
      66.81,
      67.02,
      65.64
    ]
  }
}