{
  "config": {
    "run_name": "exp1_2",
    "out_dir": "./results",
    "seed": 773791850,
    "device": null,
    "bs_train": 128,
    "bs_test": 32,
    "batches": 100,
    "epochs": 100,
    "early_stopping": 3,
    "checkpoints": null,
    "lr": 0.001,
    "reg": 0.001,
    "filters_per_layer": [
      64
    ],
    "pool_every": 3,
    "hidden_dims": [
      100
    ],
    "model_type": "cnn",
    "pooling_params": {
      "kernel_size": 2
    },
    "conv_params": {
      "kernel_size": 3,
      "padding": 1
    },
    "kw": {},
    "layers_per_block": 4
  },
  "results": {
    "num_epochs": 0,
    "train_loss": [
      1.531969666481018,
      1.086478590965271,
      0.8656208515167236,
      0.7188181281089783,
      0.594362735748291,
      0.4995764493942261,
      0.41038843989372253
    ],
    "train_acc": [
      46.488,
      63.478,
      71.998,
      77.488,
      82.548,
      86.338,
      89.772
    ],
    "test_loss": [
      1.2149605751037598,
      1.0032377243041992,
      0.9744451642036438,
      0.9726573824882507,
      1.0979807376861572,
      1.1351937055587769,
      1.3167831897735596
    ],
    "test_acc": [
      56.54,
      64.7,
      66.83,
      68.11,
      66.1,
      67.11,
      65.25
    ]
  }
}