{
  "config": {
    "run_name": "exp1_4",
    "out_dir": "./results",
    "seed": 132355236,
    "device": null,
    "bs_train": 128,
    "bs_test": 32,
    "batches": 100,
    "epochs": 100,
    "early_stopping": 5,
    "checkpoints": null,
    "lr": 0.001,
    "reg": 0.001,
    "filters_per_layer": [
      32
    ],
    "pool_every": 6,
    "hidden_dims": [
      100
    ],
    "model_type": "resnet",
    "pooling_params": {
      "kernel_size": 2
    },
    "conv_params": {
      "kernel_size": 3,
      "padding": 1
    },
    "dropout": 0.1,
    "batchnorm": true,
    "bottleneck": false,
    "kw": {},
    "layers_per_block": 8
  },
  "results": {
    "num_epochs": 0,
    "train_loss": [
      2.1804604530334473,
      1.9538569450378418,
      1.8572196960449219,
      1.777992606163025,
      1.7161093950271606,
      1.6473249197006226,
      1.5684458017349243,
      1.5008957386016846,
      1.4489071369171143,
      1.4124386310577393,
      1.3826308250427246,
      1.354543685913086,
      1.3288079500198364,
      1.3027069568634033,
      1.2761590480804443,
      1.2490659952163696,
      1.223062515258789,
      1.1976832151412964,
      1.1684916019439697,
      1.1342874765396118,
      1.0949949026107788,
      1.057070016860962,
      1.024484395980835,
      0.9952800869941711,
      0.9649268388748169,
      0.9350091218948364,
      0.9059249758720398,
      0.879694402217865,
      0.8527663350105286,
      0.8242151737213135,
      0.7991795539855957,
      0.7781062126159668,
      0.7568044066429138,
      0.7300741076469421,
      0.7042816281318665,
      0.6785889267921448,
      0.6557632684707642,
      0.6406266093254089
    ],
    "train_acc": [
      21.646,
      30.392,
      34.562,
      37.472,
      39.568,
      41.972,
      44.406,
      46.756,
      48.874,
      50.246,
      51.446,
      52.442,
      53.442,
      54.384,
      55.402,
      56.488,
      57.56,
      58.58,
      59.642,
      60.94,
      62.27,
      63.782,
      64.958,
      66.034,
      67.242,
      68.216,
      69.262,
      70.32,
      71.354,
      72.464,
      73.49,
      74.164,
      75.072,
      76.018,
      76.934,
      77.9,
      78.898,
      79.558
    ],
    "test_loss": [
      2.0154709815979004,
      1.9012629985809326,
      1.8120571374893188,
      1.7390553951263428,
      1.680762529373169,
      1.592969536781311,
      1.5084789991378784,
      1.4543192386627197,
      1.4151318073272705,
      1.3880927562713623,
      1.3648083209991455,
      1.3460156917572021,
      1.3234783411026,
      1.3027263879776,
      1.2769896984100342,
      1.2615004777908325,
      1.2477166652679443,
      1.2295361757278442,
      1.2115137577056885,
      1.2002201080322266,
      1.184678077697754,
      1.152484655380249,
      1.1360647678375244,
      1.0955705642700195,
      1.0709160566329956,
      1.0657789707183838,
      1.0733206272125244,
      1.0703325271606445,
      1.0544062852859497,
      1.043797254562378,
      1.0310906171798706,
      1.0152630805969238,
      1.0138589143753052,
      1.0238583087921143,
      1.0388654470443726,
      1.081221342086792,
      1.1367872953414917,
      1.0715906620025635
    ],
    "test_acc": [
      28.01,
      32.22,
      35.99,
      38.6,
      40.53,
      42.93,
      46.51,
      48.51,
      49.82,
      50.71,
      51.38,
      51.99,
      53.12,
      53.84,
      54.36,
      54.85,
      55.48,
      56.17,
      56.72,
      57.39,
      58.22,
      59.4,
      60.1,
      61.56,
      62.36,
      62.89,
      62.73,
      62.98,
      63.79,
      64.28,
      64.74,
      65.17,
      65.41,
      65.39,
      65.19,
      64.3,
      63.12,
      64.77
    ]
  }
}