{
  "config": {
    "run_name": "exp1_4",
    "out_dir": "./results",
    "seed": 680263296,
    "device": null,
    "bs_train": 128,
    "bs_test": 32,
    "batches": 100,
    "epochs": 100,
    "early_stopping": 5,
    "checkpoints": null,
    "lr": 0.001,
    "reg": 0.001,
    "filters_per_layer": [
      64,
      128,
      256
    ],
    "pool_every": 5,
    "hidden_dims": [
      100
    ],
    "model_type": "resnet",
    "pooling_params": {
      "kernel_size": 2
    },
    "conv_params": {
      "kernel_size": 3,
      "padding": 1
    },
    "dropout": 0.1,
    "batchnorm": true,
    "bottleneck": false,
    "kw": {},
    "layers_per_block": 8
  },
  "results": {
    "num_epochs": 0,
    "train_loss": [
      2.303100109100342,
      2.3013200759887695,
      2.3000552654266357,
      2.2986745834350586,
      2.2968356609344482,
      2.2941055297851562,
      2.2896838188171387,
      2.281531810760498,
      2.263390302658081,
      2.1992878913879395,
      2.060955762863159,
      2.007636308670044,
      1.9788038730621338,
      1.9482483863830566,
      1.9035892486572266,
      1.8428876399993896,
      1.7966067790985107,
      1.7598583698272705,
      1.7228646278381348,
      1.6840161085128784,
      1.6479909420013428,
      1.613168478012085,
      1.5801069736480713,
      1.5497057437896729,
      1.5136970281600952,
      1.48084557056427,
      1.4500961303710938,
      1.41926908493042,
      1.3884526491165161,
      1.3562349081039429,
      1.3242602348327637,
      1.2903320789337158,
      1.2549710273742676,
      1.2216190099716187,
      1.189357042312622,
      1.1570262908935547,
      1.1263302564620972,
      1.093111276626587,
      1.0607448816299438,
      1.029554009437561,
      0.9986720681190491,
      0.9685477614402771,
      0.9396650791168213,
      0.9120652675628662,
      0.8856267333030701,
      0.8611568808555603,
      0.8396462202072144,
      0.8190829753875732,
      0.7998740673065186,
      0.7849881052970886,
      0.7703769207000732,
      0.7495862245559692,
      0.7310448288917542,
      0.721359372138977,
      0.6974858045578003,
      0.6681075096130371,
      0.6427528858184814,
      0.6270366311073303,
      0.6059036254882812
    ],
    "train_acc": [
      11.77,
      12.436,
      12.552,
      13.476,
      15.774,
      18.176,
      20.284,
      20.964,
      21.194,
      20.604,
      22.698,
      24.732,
      25.694,
      27.042,
      28.2,
      29.904,
      32.122,
      33.772,
      35.542,
      37.304,
      38.812,
      40.268,
      41.898,
      43.23,
      44.638,
      46.168,
      47.418,
      48.632,
      49.946,
      51.37,
      52.696,
      54.194,
      55.714,
      57.114,
      58.422,
      59.81,
      60.912,
      62.08,
      63.52,
      64.666,
      65.852,
      66.992,
      68.186,
      69.076,
      70.186,
      71.058,
      71.91,
      72.648,
      73.364,
      73.946,
      74.434,
      75.208,
      75.746,
      76.294,
      77.298,
      78.406,
      79.486,
      80.156,
      80.898
    ],
    "test_loss": [
      2.3019113540649414,
      2.3005728721618652,
      2.2993154525756836,
      2.2977497577667236,
      2.2955267429351807,
      2.292109251022339,
      2.286252975463867,
      2.274587869644165,
      2.245802164077759,
      2.1160337924957275,
      2.021890640258789,
      1.9929208755493164,
      1.9735225439071655,
      1.9482097625732422,
      1.9141459465026855,
      1.8169405460357666,
      1.7639124393463135,
      1.7325427532196045,
      1.7039061784744263,
      1.6962424516677856,
      1.6886019706726074,
      1.6612831354141235,
      1.6262133121490479,
      1.538256287574768,
      1.4845043420791626,
      1.4485737085342407,
      1.4207053184509277,
      1.3926458358764648,
      1.3628851175308228,
      1.326933741569519,
      1.3003666400909424,
      1.2806875705718994,
      1.2525666952133179,
      1.2169630527496338,
      1.1814181804656982,
      1.1515549421310425,
      1.126349925994873,
      1.099940538406372,
      1.077350378036499,
      1.0526551008224487,
      1.0322341918945312,
      1.0091795921325684,
      0.9877659678459167,
      0.970009982585907,
      0.958463728427887,
      0.9521449208259583,
      0.9487810730934143,
      0.942909300327301,
      0.9499214291572571,
      0.9753866195678711,
      0.9598677158355713,
      0.9132388234138489,
      0.8896349668502808,
      0.8977448344230652,
      0.9229945540428162,
      0.93499356508255,
      0.9436713457107544,
      0.9340518712997437,
      0.9386461973190308
    ],
    "test_acc": [
      12.39,
      13.34,
      13.98,
      16.55,
      17.34,
      18.23,
      19.29,
      20.32,
      20.59,
      20.66,
      25.02,
      25.42,
      25.91,
      26.88,
      27.78,
      30.78,
      33.69,
      35.01,
      36.13,
      36.9,
      37.46,
      38.74,
      40.01,
      43.06,
      44.97,
      45.96,
      47.14,
      48.61,
      49.74,
      51.38,
      52.51,
      53.46,
      54.9,
      56.21,
      57.73,
      58.61,
      59.33,
      60.15,
      61.29,
      62.26,
      63.11,
      64.1,
      64.66,
      65.24,
      65.94,
      66.49,
      66.68,
      67.01,
      66.94,
      66.13,
      66.83,
      68.4,
      69.08,
      69.26,
      68.54,
      68.58,
      68.52,
      68.68,
      68.6
    ]
  }
}