{
  "config": {
    "run_name": "exp1_1_1",
    "out_dir": "./results",
    "seed": 43313169,
    "device": null,
    "bs_train": 128,
    "bs_test": 32,
    "batches": 100,
    "epochs": 100,
    "early_stopping": 3,
    "checkpoints": null,
    "lr": 0.001,
    "reg": 0.001,
    "filters_per_layer": [
      64
    ],
    "pool_every": 3,
    "hidden_dims": [
      100
    ],
    "model_type": "cnn",
    "pooling_params": {
      "kernel_size": 2
    },
    "conv_params": {
      "kernel_size": 3,
      "padding": 1
    },
    "kw": {},
    "layers_per_block": 4
  },
  "results": {
    "num_epochs": 0,
    "train_loss": [
      1.5726267099380493,
      1.0956107378005981,
      0.8552853465080261,
      0.6997047662734985,
      0.5716872811317444,
      0.47306549549102783,
      0.3795658349990845,
      0.2976513206958771,
      0.23775844275951385,
      0.2000628411769867
    ],
    "train_acc": [
      44.378,
      62.928,
      72.016,
      78.098,
      83.356,
      87.286,
      90.82,
      93.652,
      95.662,
      96.85
    ],
    "test_loss": [
      1.268729329109192,
      1.0029040575027466,
      0.9714514017105103,
      0.9815250635147095,
      1.104809284210205,
      1.2049190998077393,
      1.2717528343200684,
      1.7027524709701538,
      2.021087884902954,
      2.2680604457855225
    ],
    "test_acc": [
      54.65,
      65.05,
      66.79,
      67.65,
      66.31,
      67.2,
      67.76,
      65.76,
      64.44,
      63.98
    ]
  }
}