{
  "config": {
    "run_name": "exp1_2",
    "out_dir": "./results",
    "seed": 550064701,
    "device": null,
    "bs_train": 128,
    "bs_test": 32,
    "batches": 100,
    "epochs": 100,
    "early_stopping": 5,
    "checkpoints": null,
    "lr": 0.001,
    "reg": 0.001,
    "filters_per_layer": [
      64
    ],
    "pool_every": 3,
    "hidden_dims": [
      100
    ],
    "model_type": "cnn",
    "pooling_params": {
      "kernel_size": 2
    },
    "conv_params": {
      "kernel_size": 3,
      "padding": 1
    },
    "dropout": 0.1,
    "batchnorm": true,
    "bottleneck": false,
    "kw": {},
    "layers_per_block": 2
  },
  "results": {
    "num_epochs": 0,
    "train_loss": [
      2.0524063110351562,
      1.7887030839920044,
      1.6724092960357666,
      1.5873059034347534,
      1.5202091932296753,
      1.4612826108932495,
      1.402986764907837,
      1.3453258275985718,
      1.2918095588684082,
      1.241252064704895,
      1.1959588527679443,
      1.155174732208252,
      1.117590308189392,
      1.0817883014678955,
      1.0464539527893066,
      1.0126903057098389,
      0.9780254364013672,
      0.9447881579399109,
      0.9109118580818176,
      0.8769501447677612,
      0.8419189453125,
      0.807353138923645,
      0.77171391248703,
      0.7359844446182251,
      0.699574887752533,
      0.6633842587471008,
      0.6268047094345093,
      0.5900464653968811,
      0.5536342263221741,
      0.5184955596923828,
      0.48514553904533386,
      0.4556565582752228
    ],
    "train_acc": [
      27.626,
      37.774,
      41.784,
      44.628,
      46.708,
      48.98,
      50.896,
      53.0,
      54.912,
      56.904,
      58.486,
      60.022,
      61.466,
      62.826,
      64.14,
      65.422,
      66.838,
      68.182,
      69.416,
      70.766,
      72.04,
      73.376,
      74.794,
      76.244,
      77.666,
      79.094,
      80.596,
      81.98,
      83.53,
      84.936,
      86.328,
      87.544
    ],
    "test_loss": [
      1.861716389656067,
      1.7142969369888306,
      1.6126524209976196,
      1.5405536890029907,
      1.4858213663101196,
      1.4382450580596924,
      1.3860664367675781,
      1.3338960409164429,
      1.2956945896148682,
      1.2641594409942627,
      1.2366679906845093,
      1.2144523859024048,
      1.1955124139785767,
      1.1824628114700317,
      1.1668143272399902,
      1.157248616218567,
      1.1424298286437988,
      1.13209068775177,
      1.128103256225586,
      1.1211597919464111,
      1.1186937093734741,
      1.1190024614334106,
      1.126220941543579,
      1.130416750907898,
      1.1420131921768188,
      1.1546502113342285,
      1.172377586364746,
      1.1943833827972412,
      1.219314694404602,
      1.2488421201705933,
      1.2857164144515991,
      1.3268003463745117
    ],
    "test_acc": [
      33.78,
      40.09,
      43.44,
      45.19,
      47.31,
      48.78,
      50.69,
      52.52,
      53.95,
      55.1,
      56.12,
      57.07,
      57.85,
      58.29,
      58.94,
      59.38,
      59.76,
      60.38,
      60.65,
      61.09,
      61.12,
      61.46,
      61.59,
      61.89,
      62.23,
      62.42,
      62.46,
      62.4,
      62.41,
      62.37,
      62.15,
      62.26
    ]
  }
}