{
  "config": {
    "run_name": "exp1_1",
    "out_dir": "./results",
    "seed": 987670313,
    "device": null,
    "bs_train": 128,
    "bs_test": 32,
    "batches": 100,
    "epochs": 100,
    "early_stopping": 5,
    "checkpoints": null,
    "lr": 0.001,
    "reg": 0.001,
    "filters_per_layer": [
      32
    ],
    "pool_every": 3,
    "hidden_dims": [
      100
    ],
    "model_type": "cnn",
    "pooling_params": {
      "kernel_size": 2
    },
    "conv_params": {
      "kernel_size": 3,
      "padding": 1
    },
    "dropout": 0.1,
    "batchnorm": true,
    "bottleneck": false,
    "kw": {},
    "layers_per_block": 2
  },
  "results": {
    "num_epochs": 0,
    "train_loss": [
      2.1297519207000732,
      1.8522183895111084,
      1.722856044769287,
      1.6200419664382935,
      1.5525680780410767,
      1.5048874616622925,
      1.4623016119003296,
      1.4212315082550049,
      1.3786892890930176,
      1.337236762046814,
      1.2986059188842773,
      1.2614260911941528,
      1.224037528038025,
      1.1867849826812744,
      1.1503236293792725,
      1.1160547733306885,
      1.0834442377090454,
      1.0525716543197632,
      1.0224754810333252,
      0.993213951587677,
      0.9640601873397827,
      0.9355328679084778,
      0.9074026942253113,
      0.8781726360321045,
      0.8489289283752441,
      0.8182520270347595,
      0.7873902916908264,
      0.7556891441345215,
      0.7229114770889282,
      0.6908650398254395,
      0.6577728390693665,
      0.6251013875007629,
      0.5920669436454773,
      0.5596235990524292
    ],
    "train_acc": [
      22.486,
      35.072,
      39.726,
      43.19,
      45.528,
      47.202,
      48.714,
      50.134,
      51.81,
      53.282,
      54.768,
      56.116,
      57.716,
      59.042,
      60.23,
      61.408,
      62.682,
      63.858,
      65.116,
      66.244,
      67.178,
      68.448,
      69.384,
      70.52,
      71.726,
      73.01,
      74.16,
      75.354,
      76.682,
      77.846,
      79.218,
      80.572,
      81.996,
      83.3
    ],
    "test_loss": [
      1.9396040439605713,
      1.7851905822753906,
      1.6510578393936157,
      1.567237138748169,
      1.5188705921173096,
      1.477413535118103,
      1.44134521484375,
      1.4086183309555054,
      1.3741463422775269,
      1.3430746793746948,
      1.3133535385131836,
      1.2899891138076782,
      1.2660226821899414,
      1.246870756149292,
      1.2317110300064087,
      1.2128099203109741,
      1.2009897232055664,
      1.1881831884384155,
      1.1780198812484741,
      1.1689636707305908,
      1.1636691093444824,
      1.1566810607910156,
      1.151729702949524,
      1.1503485441207886,
      1.147879719734192,
      1.1538671255111694,
      1.1620110273361206,
      1.1731574535369873,
      1.1875981092453003,
      1.2003676891326904,
      1.22268807888031,
      1.2465949058532715,
      1.2730615139007568,
      1.3066949844360352
    ],
    "test_acc": [
      30.74,
      36.95,
      42.2,
      44.43,
      46.25,
      47.53,
      49.09,
      50.22,
      51.16,
      52.58,
      53.65,
      54.45,
      55.46,
      56.04,
      56.83,
      57.72,
      58.06,
      58.35,
      58.84,
      59.06,
      59.37,
      59.71,
      59.84,
      60.18,
      60.28,
      60.34,
      60.56,
      60.48,
      60.64,
      60.53,
      60.25,
      59.91,
      59.89,
      59.94
    ]
  }
}