{
  "config": {
    "run_name": "exp1_1",
    "out_dir": "./results",
    "seed": 536445764,
    "device": null,
    "bs_train": 128,
    "bs_test": 32,
    "batches": 100,
    "epochs": 100,
    "early_stopping": 5,
    "checkpoints": null,
    "lr": 0.001,
    "reg": 0.001,
    "filters_per_layer": [
      64
    ],
    "pool_every": 3,
    "hidden_dims": [
      100
    ],
    "model_type": "cnn",
    "pooling_params": {
      "kernel_size": 2
    },
    "conv_params": {
      "kernel_size": 3,
      "padding": 1
    },
    "dropout": 0.1,
    "batchnorm": true,
    "bottleneck": false,
    "kw": {},
    "layers_per_block": 4
  },
  "results": {
    "num_epochs": 0,
    "train_loss": [
      1.5112850666046143,
      1.044777750968933,
      0.82525235414505,
      0.6796244978904724,
      0.5583711862564087,
      0.46333906054496765,
      0.37251168489456177,
      0.2816354036331177,
      0.21549394726753235
    ],
    "train_acc": [
      47.44,
      65.134,
      73.366,
      79.068,
      83.698,
      87.586,
      91.07,
      94.16,
      96.384
    ],
    "test_loss": [
      1.2185732126235962,
      0.945671796798706,
      0.9193166494369507,
      0.8896452784538269,
      0.9357816576957703,
      1.105858564376831,
      1.3035922050476074,
      1.526535153388977,
      1.862568736076355
    ],
    "test_acc": [
      56.98,
      66.43,
      68.47,
      69.93,
      69.85,
      67.87,
      66.57,
      67.91,
      65.28
    ]
  }
}