{
  "config": {
    "run_name": "exp1_4",
    "out_dir": "./results",
    "seed": 194802627,
    "device": null,
    "bs_train": 128,
    "bs_test": 32,
    "batches": 100,
    "epochs": 100,
    "early_stopping": 5,
    "checkpoints": null,
    "lr": 0.001,
    "reg": 0.001,
    "filters_per_layer": [
      64,
      128,
      256
    ],
    "pool_every": 5,
    "hidden_dims": [
      100
    ],
    "model_type": "resnet",
    "pooling_params": {
      "kernel_size": 2
    },
    "conv_params": {
      "kernel_size": 3,
      "padding": 1
    },
    "dropout": 0.1,
    "batchnorm": true,
    "bottleneck": false,
    "kw": {},
    "layers_per_block": 8
  },
  "results": {
    "num_epochs": 0,
    "train_loss": [
      1.8593988418579102,
      1.391707420349121,
      1.1692793369293213,
      1.0016456842422485,
      0.8590774536132812,
      0.7580470442771912,
      0.6767188310623169,
      0.6123924255371094,
      0.5559712052345276,
      0.5085363388061523,
      0.4704429805278778,
      0.440911203622818,
      0.4061228930950165,
      0.3664034903049469,
      0.33471205830574036,
      0.3144478499889374,
      0.2775243818759918,
      0.2601962685585022,
      0.24002964794635773,
      0.21922235190868378,
      0.2147129327058792
    ],
    "train_acc": [
      31.936,
      50.532,
      60.04,
      66.504,
      72.042,
      75.97,
      79.284,
      82.212,
      84.56,
      86.65,
      88.36,
      89.63,
      91.044,
      92.494,
      93.81,
      94.712,
      95.882,
      96.466,
      96.912,
      97.7,
      97.84
    ],
    "test_loss": [
      1.549390196800232,
      1.2725344896316528,
      1.1067051887512207,
      0.9489749073982239,
      0.8709970116615295,
      0.8221825361251831,
      0.8019710779190063,
      0.8144241571426392,
      0.8269782066345215,
      0.8528774976730347,
      0.8826200366020203,
      0.9479284286499023,
      0.9784257411956787,
      0.9791455864906311,
      1.0193746089935303,
      0.9751890897750854,
      1.0803651809692383,
      1.1094383001327515,
      1.101875901222229,
      1.197513461112976,
      1.099980115890503
    ],
    "test_acc": [
      43.48,
      53.78,
      60.57,
      66.71,
      69.04,
      71.42,
      72.61,
      72.76,
      72.78,
      72.18,
      72.92,
      72.1,
      71.52,
      72.84,
      72.5,
      73.37,
      71.9,
      72.97,
      72.75,
      72.86,
      73.33
    ]
  }
}