{
  "config": {
    "run_name": "exp1_1",
    "out_dir": "./results",
    "seed": 62227847,
    "device": null,
    "bs_train": 128,
    "bs_test": 32,
    "batches": 100,
    "epochs": 100,
    "early_stopping": 5,
    "checkpoints": null,
    "lr": 0.001,
    "reg": 0.001,
    "filters_per_layer": [
      32
    ],
    "pool_every": 3,
    "hidden_dims": [
      100
    ],
    "model_type": "cnn",
    "pooling_params": {
      "kernel_size": 2
    },
    "conv_params": {
      "kernel_size": 3,
      "padding": 1
    },
    "dropout": 0.1,
    "batchnorm": true,
    "bottleneck": false,
    "kw": {},
    "layers_per_block": 4
  },
  "results": {
    "num_epochs": 0,
    "train_loss": [
      2.3005309104919434,
      2.1878247261047363,
      1.9312806129455566,
      1.7970956563949585,
      1.7041066884994507,
      1.6273458003997803,
      1.5692695379257202,
      1.5212867259979248,
      1.4774690866470337,
      1.436471939086914,
      1.3971105813980103,
      1.356355905532837,
      1.315961241722107,
      1.2787785530090332,
      1.2424486875534058,
      1.2079501152038574,
      1.1728676557540894,
      1.1371288299560547,
      1.1010202169418335,
      1.0660477876663208,
      1.030023217201233,
      0.9941719770431519,
      0.958655059337616,
      0.9230162501335144,
      0.8877589106559753,
      0.8520036935806274,
      0.8177571892738342,
      0.7829221487045288,
      0.7499144673347473,
      0.723581075668335,
      0.6923001408576965,
      0.6514674425125122,
      0.6144397258758545,
      0.5770456194877625,
      0.5440248250961304,
      0.5003076791763306,
      0.4618690609931946,
      0.42823338508605957
    ],
    "train_acc": [
      12.286,
      19.826,
      30.988,
      37.02,
      40.174,
      42.908,
      44.772,
      46.442,
      48.124,
      49.668,
      51.07,
      52.684,
      54.118,
      55.358,
      56.656,
      57.886,
      59.294,
      60.748,
      62.198,
      63.528,
      64.976,
      66.416,
      67.856,
      69.254,
      70.718,
      72.116,
      73.388,
      74.792,
      76.098,
      77.182,
      78.5,
      80.032,
      81.506,
      82.91,
      84.376,
      85.954,
      87.404,
      88.712
    ],
    "test_loss": [
      2.292694330215454,
      1.998255729675293,
      1.867484211921692,
      1.7475659847259521,
      1.6569284200668335,
      1.5896586179733276,
      1.5367565155029297,
      1.4928879737854004,
      1.4511072635650635,
      1.4117319583892822,
      1.3742256164550781,
      1.345061182975769,
      1.3200422525405884,
      1.299406886100769,
      1.2748744487762451,
      1.2537410259246826,
      1.235345482826233,
      1.2253419160842896,
      1.2200417518615723,
      1.2100543975830078,
      1.2002758979797363,
      1.192780613899231,
      1.1856518983840942,
      1.1907466650009155,
      1.1907076835632324,
      1.2066771984100342,
      1.2184207439422607,
      1.2286845445632935,
      1.2448821067810059,
      1.2782222032546997,
      1.3052469491958618,
      1.2966654300689697,
      1.3072519302368164,
      1.3523833751678467,
      1.4151495695114136,
      1.5091679096221924,
      1.607494592666626,
      1.7465554475784302
    ],
    "test_acc": [
      14.41,
      28.55,
      33.49,
      37.94,
      41.58,
      43.68,
      45.84,
      47.22,
      48.57,
      49.56,
      50.99,
      52.16,
      53.51,
      53.84,
      54.92,
      55.34,
      55.74,
      56.31,
      56.98,
      57.33,
      58.0,
      58.17,
      58.54,
      58.6,
      59.0,
      58.84,
      59.11,
      59.45,
      59.48,
      59.49,
      59.48,
      60.57,
      61.04,
      61.01,
      60.62,
      59.7,
      59.3,
      58.19
    ]
  }
}