{
  "config": {
    "run_name": "exp1_1",
    "out_dir": "./results",
    "seed": 179509248,
    "device": null,
    "bs_train": 128,
    "bs_test": 32,
    "batches": 100,
    "epochs": 100,
    "early_stopping": 5,
    "checkpoints": null,
    "lr": 0.001,
    "reg": 0.001,
    "filters_per_layer": [
      64
    ],
    "pool_every": 3,
    "hidden_dims": [
      100
    ],
    "model_type": "cnn",
    "pooling_params": {
      "kernel_size": 2
    },
    "conv_params": {
      "kernel_size": 3,
      "padding": 1
    },
    "dropout": 0.1,
    "batchnorm": true,
    "bottleneck": false,
    "kw": {},
    "layers_per_block": 8
  },
  "results": {
    "num_epochs": 0,
    "train_loss": [
      1.8037256002426147,
      1.3504241704940796,
      1.1040663719177246,
      0.920055627822876,
      0.7889575362205505,
      0.6992968916893005,
      0.6399306654930115,
      0.5745196342468262,
      0.5136623978614807,
      0.4772270917892456,
      0.4212847352027893,
      0.38718006014823914,
      0.3510065972805023,
      0.3180614113807678
    ],
    "train_acc": [
      34.678,
      52.518,
      62.262,
      69.564,
      74.466,
      77.802,
      80.228,
      82.672,
      85.178,
      86.622,
      88.734,
      90.204,
      91.322,
      92.68
    ],
    "test_loss": [
      1.497474193572998,
      1.199825406074524,
      1.0313599109649658,
      0.916077733039856,
      0.8810275197029114,
      0.8865340948104858,
      0.8728662133216858,
      0.9108691811561584,
      0.9873976707458496,
      1.134296178817749,
      1.1022675037384033,
      1.2206907272338867,
      1.2942771911621094,
      1.3933660984039307
    ],
    "test_acc": [
      46.28,
      56.87,
      63.82,
      68.0,
      69.88,
      69.81,
      70.51,
      70.83,
      70.88,
      68.81,
      70.01,
      69.83,
      69.5,
      68.71
    ]
  }
}