{
  "config": {
    "run_name": "exp1_2",
    "out_dir": "./results",
    "seed": 2039557559,
    "device": null,
    "bs_train": 128,
    "bs_test": 32,
    "batches": 100,
    "epochs": 100,
    "early_stopping": 5,
    "checkpoints": null,
    "lr": 0.001,
    "reg": 0.001,
    "filters_per_layer": [
      64
    ],
    "pool_every": 3,
    "hidden_dims": [
      100
    ],
    "model_type": "cnn",
    "pooling_params": {
      "kernel_size": 2
    },
    "conv_params": {
      "kernel_size": 3,
      "padding": 1
    },
    "dropout": 0.1,
    "batchnorm": true,
    "bottleneck": false,
    "kw": {},
    "layers_per_block": 8
  },
  "results": {
    "num_epochs": 0,
    "train_loss": [
      2.3039519786834717,
      2.303068161010742,
      2.302776575088501,
      2.3026771545410156,
      2.302643299102783,
      2.3026297092437744
    ],
    "train_acc": [
      10.0,
      9.784,
      9.958,
      9.926,
      9.816,
      9.774
    ],
    "test_loss": [
      2.3032829761505127,
      2.3028438091278076,
      2.302669048309326,
      2.3026158809661865,
      2.302586555480957,
      2.3025808334350586
    ],
    "test_acc": [
      10.0,
      10.0,
      10.0,
      10.0,
      8.55,
      10.0
    ]
  }
}