{
  "config": {
    "run_name": "exp1_2",
    "out_dir": "./results",
    "seed": 452379825,
    "device": null,
    "bs_train": 128,
    "bs_test": 32,
    "batches": 100,
    "epochs": 100,
    "early_stopping": 3,
    "checkpoints": null,
    "lr": 0.001,
    "reg": 0.001,
    "filters_per_layer": [
      256
    ],
    "pool_every": 3,
    "hidden_dims": [
      100
    ],
    "model_type": "cnn",
    "pooling_params": {
      "kernel_size": 2
    },
    "conv_params": {
      "kernel_size": 3,
      "padding": 1
    },
    "kw": {},
    "layers_per_block": 2
  },
  "results": {
    "num_epochs": 0,
    "train_loss": [
      1.697310447692871,
      1.393224835395813,
      1.2788705825805664,
      1.194008708000183,
      1.1169753074645996,
      1.0542041063308716,
      0.9912891387939453,
      0.943571925163269
    ],
    "train_acc": [
      40.96,
      51.354,
      55.642,
      59.106,
      61.95,
      64.134,
      66.568,
      68.318
    ],
    "test_loss": [
      1.4767355918884277,
      1.3867632150650024,
      1.3180748224258423,
      1.290152907371521,
      1.2578998804092407,
      1.2868239879608154,
      1.3054720163345337,
      1.3576276302337646
    ],
    "test_acc": [
      47.41,
      50.82,
      53.19,
      54.38,
      55.22,
      55.17,
      54.97,
      54.05
    ]
  }
}