{
  "config": {
    "run_name": "exp1_1",
    "out_dir": "./results",
    "seed": 1840093424,
    "device": null,
    "bs_train": 128,
    "bs_test": 32,
    "batches": 100,
    "epochs": 100,
    "early_stopping": 5,
    "checkpoints": null,
    "lr": 0.001,
    "reg": 0.001,
    "filters_per_layer": [
      32
    ],
    "pool_every": 3,
    "hidden_dims": [
      100
    ],
    "model_type": "cnn",
    "pooling_params": {
      "kernel_size": 2
    },
    "conv_params": {
      "kernel_size": 3,
      "padding": 1
    },
    "dropout": 0.1,
    "batchnorm": true,
    "bottleneck": false,
    "kw": {},
    "layers_per_block": 8
  },
  "results": {
    "num_epochs": 0,
    "train_loss": [
      1.82171630859375,
      1.4164541959762573,
      1.2334240674972534,
      1.0924075841903687,
      0.9808717370033264,
      0.8932369351387024,
      0.8281235098838806,
      0.7651129961013794,
      0.7171478867530823,
      0.6760692000389099,
      0.6411386728286743,
      0.6035474538803101,
      0.5782032012939453,
      0.5568142533302307,
      0.5167441964149475,
      0.48851683735847473,
      0.4663560390472412,
      0.4597674012184143
    ],
    "train_acc": [
      33.31,
      49.536,
      56.78,
      62.536,
      66.99,
      70.21,
      72.65,
      75.27,
      76.986,
      78.562,
      79.8,
      81.308,
      82.4,
      83.208,
      84.66,
      85.584,
      86.474,
      86.888
    ],
    "test_loss": [
      1.5069842338562012,
      1.2888792753219604,
      1.2406717538833618,
      1.0988327264785767,
      1.054194450378418,
      1.0435209274291992,
      1.0051376819610596,
      1.0069690942764282,
      1.0110529661178589,
      1.0276825428009033,
      1.1017106771469116,
      1.1079280376434326,
      1.1050748825073242,
      1.2138513326644897,
      1.2784641981124878,
      1.2813242673873901,
      1.262074589729309,
      1.3036824464797974
    ],
    "test_acc": [
      44.35,
      53.33,
      56.33,
      60.91,
      63.18,
      64.45,
      65.61,
      66.36,
      66.52,
      66.38,
      64.58,
      66.23,
      67.24,
      66.44,
      64.09,
      64.92,
      66.02,
      66.3
    ]
  }
}