{
  "config": {
    "run_name": "exp1_2",
    "out_dir": "./results",
    "seed": 2097724932,
    "device": null,
    "bs_train": 128,
    "bs_test": 32,
    "batches": 100,
    "epochs": 100,
    "early_stopping": 3,
    "checkpoints": null,
    "lr": 0.001,
    "reg": 0.001,
    "filters_per_layer": [
      128
    ],
    "pool_every": 3,
    "hidden_dims": [
      100
    ],
    "model_type": "cnn",
    "pooling_params": {
      "kernel_size": 2
    },
    "conv_params": {
      "kernel_size": 3,
      "padding": 1
    },
    "kw": {},
    "layers_per_block": 2
  },
  "results": {
    "num_epochs": 0,
    "train_loss": [
      1.5976709127426147,
      1.2713243961334229,
      1.142079472541809,
      1.0138006210327148,
      0.9252882599830627,
      0.8512302041053772,
      0.7853028178215027,
      0.7313381433486938
    ],
    "train_acc": [
      44.25,
      55.882,
      60.936,
      65.568,
      69.096,
      71.758,
      74.342,
      76.534
    ],
    "test_loss": [
      1.354475736618042,
      1.2952455282211304,
      1.2006473541259766,
      1.139273762702942,
      1.130863904953003,
      1.1603584289550781,
      1.1923941373825073,
      1.2429893016815186
    ],
    "test_acc": [
      51.26,
      54.05,
      58.02,
      60.12,
      60.81,
      60.62,
      60.68,
      60.32
    ]
  }
}