{
  "config": {
    "run_name": "exp1_3",
    "out_dir": "./results",
    "seed": 1575142839,
    "device": null,
    "bs_train": 128,
    "bs_test": 32,
    "batches": 100,
    "epochs": 100,
    "early_stopping": 5,
    "checkpoints": null,
    "lr": 0.001,
    "reg": 0.001,
    "filters_per_layer": [
      64,
      128,
      256
    ],
    "pool_every": 3,
    "hidden_dims": [
      100
    ],
    "model_type": "cnn",
    "pooling_params": {
      "kernel_size": 2
    },
    "conv_params": {
      "kernel_size": 3,
      "padding": 1
    },
    "dropout": 0.1,
    "batchnorm": true,
    "bottleneck": false,
    "kw": {},
    "layers_per_block": 3
  },
  "results": {
    "num_epochs": 0,
    "train_loss": [
      1.8752715587615967,
      1.4474600553512573,
      1.1834269762039185,
      0.9806997776031494,
      0.8393070697784424,
      0.7360034584999084,
      0.6537441611289978,
      0.5947316884994507,
      0.541691780090332,
      0.4893445074558258,
      0.43973779678344727,
      0.39800557494163513,
      0.359405517578125
    ],
    "train_acc": [
      31.246,
      48.596,
      59.192,
      67.102,
      72.54,
      76.57,
      79.77,
      82.394,
      84.566,
      86.732,
      88.516,
      90.366,
      91.656
    ],
    "test_loss": [
      1.5757660865783691,
      1.3059943914413452,
      1.093445897102356,
      1.0070406198501587,
      0.9057651162147522,
      0.879605233669281,
      0.8364078998565674,
      0.833879828453064,
      0.8949829339981079,
      0.9230132699012756,
      0.9133400917053223,
      0.9742477536201477,
      1.124859094619751
    ],
    "test_acc": [
      41.77,
      53.71,
      61.13,
      65.3,
      68.12,
      69.67,
      71.2,
      71.8,
      71.0,
      70.71,
      71.48,
      70.9,
      70.07
    ]
  }
}