{
  "config": {
    "run_name": "exp1_1",
    "out_dir": "./results",
    "seed": 454465424,
    "device": null,
    "bs_train": 128,
    "bs_test": 32,
    "batches": 100,
    "epochs": 100,
    "early_stopping": 5,
    "checkpoints": null,
    "lr": 0.001,
    "reg": 0.001,
    "filters_per_layer": [
      64
    ],
    "pool_every": 3,
    "hidden_dims": [
      100
    ],
    "model_type": "cnn",
    "pooling_params": {
      "kernel_size": 2
    },
    "conv_params": {
      "kernel_size": 3,
      "padding": 1
    },
    "dropout": 0.1,
    "batchnorm": true,
    "bottleneck": false,
    "kw": {},
    "layers_per_block": 16
  },
  "results": {
    "num_epochs": 0,
    "train_loss": [
      2.304382562637329,
      2.3031976222991943,
      2.302811861038208,
      2.302687168121338,
      2.302647829055786,
      2.302635431289673
    ],
    "train_acc": [
      10.0,
      10.0,
      10.0,
      10.0,
      9.87,
      9.766
    ],
    "test_loss": [
      2.303546190261841,
      2.3028905391693115,
      2.30267333984375,
      2.302618980407715,
      2.302598714828491,
      2.302589178085327
    ],
    "test_acc": [
      10.0,
      10.0,
      10.0,
      10.0,
      10.0,
      10.0
    ]
  }
}