{
  "config": {
    "run_name": "exp1_2",
    "out_dir": "./results",
    "seed": 829269596,
    "device": null,
    "bs_train": 128,
    "bs_test": 32,
    "batches": 100,
    "epochs": 100,
    "early_stopping": 3,
    "checkpoints": null,
    "lr": 0.001,
    "reg": 0.001,
    "filters_per_layer": [
      128
    ],
    "pool_every": 3,
    "hidden_dims": [
      100
    ],
    "model_type": "cnn",
    "pooling_params": {
      "kernel_size": 2
    },
    "conv_params": {
      "kernel_size": 3,
      "padding": 1
    },
    "kw": {},
    "layers_per_block": 8
  },
  "results": {
    "num_epochs": 0,
    "train_loss": [
      1.7666382789611816,
      1.290774941444397,
      1.0456087589263916,
      0.8597825765609741,
      0.7280369400978088,
      0.6338465809822083,
      0.5679753422737122,
      0.5086808204650879
    ],
    "train_acc": [
      35.874,
      55.13,
      64.816,
      71.92,
      76.908,
      80.712,
      83.366,
      85.742
    ],
    "test_loss": [
      1.4140819311141968,
      1.1907751560211182,
      0.9931870698928833,
      0.8993843197822571,
      0.861391007900238,
      0.9245936870574951,
      0.9855421781539917,
      0.9063371419906616
    ],
    "test_acc": [
      47.93,
      57.86,
      64.81,
      68.32,
      71.28,
      69.79,
      67.94,
      71.18
    ]
  }
}