{
  "config": {
    "run_name": "exp1_3",
    "out_dir": "./results",
    "seed": 1595800045,
    "device": null,
    "bs_train": 128,
    "bs_test": 32,
    "batches": 100,
    "epochs": 100,
    "early_stopping": 5,
    "checkpoints": null,
    "lr": 0.001,
    "reg": 0.001,
    "filters_per_layer": [
      64,
      128,
      256
    ],
    "pool_every": 3,
    "hidden_dims": [
      100
    ],
    "model_type": "cnn",
    "pooling_params": {
      "kernel_size": 2
    },
    "conv_params": {
      "kernel_size": 3,
      "padding": 1
    },
    "dropout": 0.1,
    "batchnorm": true,
    "bottleneck": false,
    "kw": {},
    "layers_per_block": 1
  },
  "results": {
    "num_epochs": 0,
    "train_loss": [
      2.2040302753448486,
      1.8980785608291626,
      1.7439944744110107,
      1.6242011785507202,
      1.5362716913223267,
      1.4564567804336548,
      1.3843235969543457,
      1.316336750984192,
      1.2550128698349,
      1.1998693943023682,
      1.1493101119995117,
      1.1011555194854736,
      1.0544439554214478,
      1.0094444751739502,
      0.9657574892044067,
      0.9246358871459961,
      0.8847053050994873,
      0.8447662591934204,
      0.8049126863479614,
      0.7644991278648376,
      0.7252545952796936,
      0.6843851208686829,
      0.6434410214424133,
      0.60190749168396,
      0.5606870055198669,
      0.5208523869514465,
      0.48558977246284485
    ],
    "train_acc": [
      19.72,
      33.092,
      38.72,
      43.01,
      46.16,
      48.936,
      51.55,
      54.08,
      56.094,
      58.28,
      60.354,
      62.318,
      63.968,
      65.608,
      67.214,
      68.72,
      70.284,
      71.878,
      73.32,
      74.816,
      76.458,
      78.106,
      79.76,
      81.308,
      82.954,
      84.656,
      86.126
    ],
    "test_loss": [
      1.9990885257720947,
      1.817793846130371,
      1.6548855304718018,
      1.552230715751648,
      1.4746898412704468,
      1.4060813188552856,
      1.3464003801345825,
      1.2985228300094604,
      1.2537424564361572,
      1.2149205207824707,
      1.177092432975769,
      1.148398756980896,
      1.120030164718628,
      1.0993285179138184,
      1.0759053230285645,
      1.0598881244659424,
      1.0467289686203003,
      1.0358246564865112,
      1.0233486890792847,
      1.0220420360565186,
      1.019971489906311,
      1.0289127826690674,
      1.0433799028396606,
      1.0643826723098755,
      1.097805142402649,
      1.1455796957015991,
      1.2148878574371338
    ],
    "test_acc": [
      29.2,
      35.84,
      41.83,
      45.01,
      47.7,
      49.78,
      51.69,
      53.36,
      55.11,
      56.67,
      58.02,
      59.2,
      60.33,
      61.37,
      62.39,
      63.3,
      63.78,
      64.24,
      64.63,
      64.96,
      65.23,
      65.47,
      65.38,
      65.28,
      64.96,
      64.67,
      63.79
    ]
  }
}