{
  "config": {
    "run_name": "exp1_2",
    "out_dir": "./results",
    "seed": 1692062030,
    "device": null,
    "bs_train": 128,
    "bs_test": 32,
    "batches": 100,
    "epochs": 100,
    "early_stopping": 5,
    "checkpoints": null,
    "lr": 0.001,
    "reg": 0.001,
    "filters_per_layer": [
      32
    ],
    "pool_every": 3,
    "hidden_dims": [
      100
    ],
    "model_type": "cnn",
    "pooling_params": {
      "kernel_size": 2
    },
    "conv_params": {
      "kernel_size": 3,
      "padding": 1
    },
    "dropout": 0.1,
    "batchnorm": true,
    "bottleneck": false,
    "kw": {},
    "layers_per_block": 4
  },
  "results": {
    "num_epochs": 0,
    "train_loss": [
      2.3031976222991943,
      2.296741485595703,
      2.1677258014678955,
      1.9110573530197144,
      1.7773030996322632,
      1.6837992668151855,
      1.6276633739471436,
      1.5858280658721924,
      1.548588752746582,
      1.5088250637054443,
      1.4605127573013306,
      1.4120045900344849,
      1.3718256950378418,
      1.3357139825820923,
      1.301674485206604,
      1.2681941986083984,
      1.2363930940628052,
      1.203154444694519,
      1.1697454452514648,
      1.1358301639556885,
      1.1016154289245605,
      1.0653506517410278,
      1.0319666862487793,
      0.9980039596557617,
      0.9658041596412659,
      0.9316824674606323,
      0.8985967636108398,
      0.8634772896766663,
      0.8268200159072876,
      0.7875063419342041,
      0.7486624717712402,
      0.7148513197898865,
      0.6860948801040649,
      0.6555885076522827,
      0.6242859363555908,
      0.5886951684951782,
      0.5517662763595581,
      0.514461874961853,
      0.4794424772262573
    ],
    "train_acc": [
      11.616,
      11.996,
      21.286,
      32.722,
      37.33,
      40.806,
      43.11,
      44.668,
      46.134,
      47.568,
      49.332,
      51.166,
      52.53,
      53.76,
      55.17,
      56.394,
      57.518,
      58.74,
      60.088,
      61.336,
      62.634,
      63.784,
      65.126,
      66.518,
      67.7,
      68.998,
      70.268,
      71.728,
      73.102,
      74.608,
      76.262,
      77.636,
      78.808,
      80.0,
      81.256,
      82.72,
      84.186,
      85.728,
      86.828
    ],
    "test_loss": [
      2.301520347595215,
      2.2846391201019287,
      1.9829707145690918,
      1.8416045904159546,
      1.7272145748138428,
      1.6443346738815308,
      1.597226619720459,
      1.5665920972824097,
      1.5332497358322144,
      1.4967728853225708,
      1.4558676481246948,
      1.4159446954727173,
      1.394783854484558,
      1.3745412826538086,
      1.3500605821609497,
      1.3278429508209229,
      1.314100742340088,
      1.2940287590026855,
      1.2766917943954468,
      1.2599607706069946,
      1.245439887046814,
      1.228010892868042,
      1.2193723917007446,
      1.2151037454605103,
      1.217404842376709,
      1.2277384996414185,
      1.241713285446167,
      1.249105453491211,
      1.2616719007492065,
      1.2888814210891724,
      1.3201875686645508,
      1.3569316864013672,
      1.3805452585220337,
      1.3984293937683105,
      1.4808014631271362,
      1.624221682548523,
      1.6891283988952637,
      1.726058006286621,
      1.7680268287658691
    ],
    "test_acc": [
      11.28,
      14.76,
      29.9,
      34.58,
      38.7,
      41.62,
      43.49,
      44.61,
      45.97,
      47.26,
      49.04,
      50.17,
      51.19,
      51.54,
      52.28,
      52.79,
      53.15,
      53.87,
      54.43,
      55.17,
      55.87,
      56.95,
      57.39,
      57.6,
      57.88,
      58.05,
      58.11,
      58.41,
      58.08,
      58.2,
      58.39,
      58.25,
      59.11,
      59.18,
      57.75,
      56.16,
      55.86,
      56.37,
      57.15
    ]
  }
}