{
  "config": {
    "run_name": "exp1_2",
    "out_dir": "./results",
    "seed": 349258054,
    "device": null,
    "bs_train": 128,
    "bs_test": 32,
    "batches": 100,
    "epochs": 100,
    "early_stopping": 3,
    "checkpoints": null,
    "lr": 0.001,
    "reg": 0.001,
    "filters_per_layer": [
      64
    ],
    "pool_every": 3,
    "hidden_dims": [
      100
    ],
    "model_type": "cnn",
    "pooling_params": {
      "kernel_size": 2
    },
    "conv_params": {
      "kernel_size": 3,
      "padding": 1
    },
    "kw": {},
    "layers_per_block": 8
  },
  "results": {
    "num_epochs": 0,
    "train_loss": [
      1.755055546760559,
      1.2966996431350708,
      1.0674912929534912,
      0.894377589225769,
      0.7755389213562012,
      0.6972202658653259,
      0.6319998502731323,
      0.5678883194923401,
      0.5062506198883057,
      0.4558384120464325,
      0.4267285466194153,
      0.4020974934101105,
      0.3548171818256378,
      0.3331066071987152
    ],
    "train_acc": [
      36.686,
      54.882,
      63.668,
      70.26,
      75.116,
      78.004,
      80.566,
      83.038,
      85.576,
      87.322,
      88.742,
      89.448,
      91.27,
      92.098
    ],
    "test_loss": [
      1.4450325965881348,
      1.1507395505905151,
      1.0660285949707031,
      0.9613416194915771,
      0.9092957973480225,
      0.9344732761383057,
      0.8923361301422119,
      0.9131655693054199,
      0.9308038353919983,
      1.0233538150787354,
      1.0451147556304932,
      1.1032527685165405,
      1.1593629121780396,
      1.237436294555664
    ],
    "test_acc": [
      47.91,
      58.51,
      63.1,
      67.8,
      69.19,
      68.64,
      70.17,
      70.78,
      70.88,
      70.7,
      71.27,
      69.77,
      70.53,
      69.62
    ]
  }
}