{
  "config": {
    "run_name": "exp1_4",
    "out_dir": "./results",
    "seed": 299862253,
    "device": null,
    "bs_train": 128,
    "bs_test": 32,
    "batches": 100,
    "epochs": 100,
    "early_stopping": 5,
    "checkpoints": null,
    "lr": 0.001,
    "reg": 0.001,
    "filters_per_layer": [
      64,
      128,
      256
    ],
    "pool_every": 5,
    "hidden_dims": [
      100
    ],
    "model_type": "resnet",
    "pooling_params": {
      "kernel_size": 2
    },
    "conv_params": {
      "kernel_size": 3,
      "padding": 1
    },
    "dropout": 0.1,
    "batchnorm": true,
    "bottleneck": false,
    "kw": {},
    "layers_per_block": 2
  },
  "results": {
    "num_epochs": 0,
    "train_loss": [
      1.983864426612854,
      1.7800943851470947,
      1.6831928491592407,
      1.6047649383544922,
      1.5313465595245361,
      1.4619801044464111,
      1.4005762338638306,
      1.345035433769226,
      1.2928811311721802,
      1.2457902431488037,
      1.2043098211288452,
      1.1634324789047241,
      1.1233824491500854,
      1.0841541290283203,
      1.0470480918884277,
      1.0097304582595825,
      0.9730619192123413,
      0.9360098838806152,
      0.8994774222373962,
      0.8645679950714111,
      0.8284740447998047,
      0.7891165018081665,
      0.7496353387832642,
      0.7079833149909973,
      0.6647342443466187,
      0.6194455027580261,
      0.5726776123046875,
      0.5296579599380493,
      0.507784366607666,
      0.4758276045322418,
      0.43385955691337585
    ],
    "train_acc": [
      29.708,
      37.646,
      40.99,
      43.572,
      46.048,
      48.336,
      50.65,
      52.504,
      54.42,
      56.324,
      57.87,
      59.414,
      60.922,
      62.636,
      64.06,
      65.424,
      66.9,
      68.322,
      69.756,
      71.136,
      72.37,
      74.01,
      75.544,
      77.158,
      78.658,
      80.474,
      82.322,
      84.146,
      85.328,
      86.572,
      88.224
    ],
    "test_loss": [
      1.8469717502593994,
      1.7205976247787476,
      1.6320587396621704,
      1.5583122968673706,
      1.490813970565796,
      1.4284698963165283,
      1.3760789632797241,
      1.324192762374878,
      1.2807120084762573,
      1.244718074798584,
      1.2134647369384766,
      1.1907066106796265,
      1.1687328815460205,
      1.152532935142517,
      1.124686360359192,
      1.1029621362686157,
      1.0841710567474365,
      1.0681099891662598,
      1.05807363986969,
      1.0406614542007446,
      1.0257409811019897,
      1.0207313299179077,
      1.0208176374435425,
      1.0283688306808472,
      1.0399683713912964,
      1.0673812627792358,
      1.1085177659988403,
      1.2064809799194336,
      1.2618049383163452,
      1.2876538038253784,
      1.412109375
    ],
    "test_acc": [
      34.95,
      39.36,
      42.17,
      44.84,
      47.06,
      49.18,
      50.98,
      53.05,
      54.65,
      55.75,
      56.73,
      57.64,
      58.41,
      58.89,
      60.07,
      60.63,
      61.24,
      62.15,
      62.81,
      63.29,
      63.96,
      64.49,
      64.88,
      64.78,
      64.99,
      65.06,
      64.74,
      63.63,
      63.4,
      63.6,
      61.95
    ]
  }
}