{
  "config": {
    "run_name": "exp1_1_1",
    "out_dir": "./results",
    "seed": 1020868878,
    "device": null,
    "bs_train": 128,
    "bs_test": 32,
    "batches": 100,
    "epochs": 100,
    "early_stopping": 3,
    "checkpoints": null,
    "lr": 0.001,
    "reg": 0.001,
    "filters_per_layer": [
      32
    ],
    "pool_every": 3,
    "hidden_dims": [
      100
    ],
    "model_type": "cnn",
    "pooling_params": {
      "kernel_size": 2
    },
    "conv_params": {
      "kernel_size": 3,
      "padding": 1
    },
    "kw": {},
    "layers_per_block": 8
  },
  "results": {
    "num_epochs": 0,
    "train_loss": [
      1.8422927856445312,
      1.4430921077728271,
      1.2533780336380005,
      1.1117476224899292,
      1.0006742477416992,
      0.9129306674003601,
      0.8450085520744324,
      0.79249507188797,
      0.7414255738258362,
      0.68869549036026
    ],
    "train_acc": [
      33.59,
      49.042,
      56.476,
      61.954,
      66.194,
      69.464,
      72.094,
      74.196,
      76.232,
      78.3
    ],
    "test_loss": [
      1.5434603691101074,
      1.3081377744674683,
      1.2522958517074585,
      1.1275609731674194,
      1.0347622632980347,
      1.004870891571045,
      1.0091506242752075,
      1.0234973430633545,
      1.0479449033737183,
      1.1022459268569946
    ],
    "test_acc": [
      43.51,
      52.65,
      55.69,
      60.46,
      63.62,
      64.9,
      64.99,
      64.88,
      64.98,
      64.36
    ]
  }
}