{
  "config": {
    "run_name": "exp1_2",
    "out_dir": "./results",
    "seed": 1764301365,
    "device": null,
    "bs_train": 128,
    "bs_test": 32,
    "batches": 100,
    "epochs": 100,
    "early_stopping": 5,
    "checkpoints": null,
    "lr": 0.001,
    "reg": 0.001,
    "filters_per_layer": [
      256
    ],
    "pool_every": 3,
    "hidden_dims": [
      100
    ],
    "model_type": "cnn",
    "pooling_params": {
      "kernel_size": 2
    },
    "conv_params": {
      "kernel_size": 3,
      "padding": 1
    },
    "dropout": 0.1,
    "batchnorm": true,
    "bottleneck": false,
    "kw": {},
    "layers_per_block": 2
  },
  "results": {
    "num_epochs": 0,
    "train_loss": [
      1.9853540658950806,
      1.698384404182434,
      1.5802301168441772,
      1.4885765314102173,
      1.4053899049758911,
      1.332290530204773,
      1.268221378326416,
      1.2113898992538452,
      1.1621835231781006,
      1.1177077293395996,
      1.0764116048812866,
      1.0361524820327759,
      0.9969560503959656,
      0.9573642611503601,
      0.9172037839889526,
      0.8766105771064758,
      0.8362200260162354,
      0.794844925403595,
      0.7534931898117065,
      0.7119795680046082,
      0.6703894138336182,
      0.6285373568534851,
      0.5874610543251038,
      0.5464663505554199,
      0.506192147731781,
      0.46783044934272766,
      0.4329336881637573
    ],
    "train_acc": [
      30.326,
      40.898,
      44.778,
      47.8,
      50.63,
      53.52,
      55.774,
      57.68,
      59.516,
      61.342,
      62.91,
      64.502,
      66.008,
      67.578,
      69.054,
      70.684,
      72.106,
      73.802,
      75.416,
      76.998,
      78.722,
      80.352,
      82.116,
      83.786,
      85.444,
      87.044,
      88.38
    ],
    "test_loss": [
      1.7693650722503662,
      1.6114647388458252,
      1.5152161121368408,
      1.4342509508132935,
      1.3628718852996826,
      1.3074889183044434,
      1.273090124130249,
      1.2415649890899658,
      1.213966727256775,
      1.185927152633667,
      1.1618211269378662,
      1.138717770576477,
      1.119518518447876,
      1.1029380559921265,
      1.0906277894973755,
      1.081483006477356,
      1.0759531259536743,
      1.0743796825408936,
      1.0751056671142578,
      1.0779205560684204,
      1.0887774229049683,
      1.1013073921203613,
      1.1229496002197266,
      1.1448404788970947,
      1.1723698377609253,
      1.2063359022140503,
      1.2466940879821777
    ],
    "test_acc": [
      38.14,
      43.56,
      46.76,
      49.77,
      52.04,
      53.74,
      54.83,
      55.87,
      57.02,
      57.96,
      58.86,
      59.67,
      60.34,
      61.04,
      61.76,
      62.34,
      62.74,
      62.87,
      63.25,
      63.5,
      63.5,
      63.79,
      63.67,
      63.42,
      63.14,
      63.06,
      62.71
    ]
  }
}