{
  "config": {
    "run_name": "exp1_1",
    "out_dir": "./results",
    "seed": 704979152,
    "device": null,
    "bs_train": 128,
    "bs_test": 32,
    "batches": 100,
    "epochs": 100,
    "early_stopping": 5,
    "checkpoints": null,
    "lr": 0.001,
    "reg": 0.001,
    "filters_per_layer": [
      32
    ],
    "pool_every": 3,
    "hidden_dims": [
      100
    ],
    "model_type": "cnn",
    "pooling_params": {
      "kernel_size": 2
    },
    "conv_params": {
      "kernel_size": 3,
      "padding": 1
    },
    "dropout": 0.1,
    "batchnorm": true,
    "bottleneck": false,
    "kw": {},
    "layers_per_block": 2
  },
  "results": {
    "num_epochs": 0,
    "train_loss": [
      1.5242527723312378,
      1.1333993673324585,
      0.9449851512908936,
      0.8172177076339722,
      0.7159761786460876,
      0.6180574297904968,
      0.5363587141036987,
      0.46595874428749084,
      0.3918267786502838,
      0.32585981488227844
    ],
    "train_acc": [
      46.65,
      61.404,
      68.754,
      73.466,
      77.504,
      81.254,
      84.498,
      87.358,
      89.82,
      92.124
    ],
    "test_loss": [
      1.248807668685913,
      1.0833088159561157,
      1.025251030921936,
      1.0500935316085815,
      1.090712547302246,
      1.1607202291488647,
      1.2931239604949951,
      1.349780797958374,
      1.5588102340698242,
      1.6458057165145874
    ],
    "test_acc": [
      56.22,
      61.96,
      64.12,
      63.87,
      64.44,
      63.76,
      62.5,
      62.32,
      61.24,
      60.83
    ]
  }
}