{
  "config": {
    "run_name": "exp1_2",
    "out_dir": "./results",
    "seed": 1123854424,
    "device": null,
    "bs_train": 128,
    "bs_test": 32,
    "batches": 100,
    "epochs": 100,
    "early_stopping": 3,
    "checkpoints": null,
    "lr": 0.001,
    "reg": 0.001,
    "filters_per_layer": [
      256
    ],
    "pool_every": 3,
    "hidden_dims": [
      100
    ],
    "model_type": "cnn",
    "pooling_params": {
      "kernel_size": 2
    },
    "conv_params": {
      "kernel_size": 3,
      "padding": 1
    },
    "kw": {},
    "layers_per_block": 4
  },
  "results": {
    "num_epochs": 0,
    "train_loss": [
      1.6452000141143799,
      1.123275876045227,
      0.8550931811332703,
      0.6888059973716736,
      0.5613009333610535,
      0.4589904546737671,
      0.36613166332244873
    ],
    "train_acc": [
      41.72,
      62.266,
      72.426,
      78.912,
      83.9,
      87.742,
      91.288
    ],
    "test_loss": [
      1.2753682136535645,
      1.0251212120056152,
      0.9017032384872437,
      0.9645736813545227,
      1.0603951215744019,
      1.1395933628082275,
      1.4942885637283325
    ],
    "test_acc": [
      53.93,
      63.8,
      68.72,
      68.83,
      68.7,
      68.32,
      66.17
    ]
  }
}