{
  "config": {
    "run_name": "exp1_2",
    "out_dir": "./results",
    "seed": 574991314,
    "device": null,
    "bs_train": 128,
    "bs_test": 32,
    "batches": 100,
    "epochs": 100,
    "early_stopping": 5,
    "checkpoints": null,
    "lr": 0.001,
    "reg": 0.001,
    "filters_per_layer": [
      256
    ],
    "pool_every": 3,
    "hidden_dims": [
      100
    ],
    "model_type": "cnn",
    "pooling_params": {
      "kernel_size": 2
    },
    "conv_params": {
      "kernel_size": 3,
      "padding": 1
    },
    "dropout": 0.1,
    "batchnorm": true,
    "bottleneck": false,
    "kw": {},
    "layers_per_block": 8
  },
  "results": {
    "num_epochs": 0,
    "train_loss": [
      2.303212881088257,
      2.302835464477539,
      2.3026926517486572,
      2.3026368618011475,
      2.302614688873291,
      2.3026039600372314
    ],
    "train_acc": [
      10.0,
      10.0,
      10.0,
      9.962,
      9.976,
      9.972
    ],
    "test_loss": [
      2.302929401397705,
      2.302715301513672,
      2.302622079849243,
      2.3025851249694824,
      2.3025693893432617,
      2.3025612831115723
    ],
    "test_acc": [
      10.0,
      10.0,
      10.0,
      10.0,
      10.0,
      10.0
    ]
  }
}