{
  "config": {
    "run_name": "exp2",
    "out_dir": "./results",
    "seed": 683965011,
    "device": null,
    "bs_train": 128,
    "bs_test": 32,
    "batches": 100,
    "epochs": 100,
    "early_stopping": 5,
    "checkpoints": null,
    "lr": 0.001,
    "reg": 0.001,
    "filters_per_layer": [
      32,
      64,
      128
    ],
    "pool_every": 7,
    "hidden_dims": [
      100
    ],
    "model_type": "ycn",
    "pooling_params": {
      "kernel_size": 2
    },
    "conv_params": {
      "kernel_size": 3,
      "padding": 1
    },
    "dropout": 0.1,
    "batchnorm": true,
    "bottleneck": false,
    "kw": {},
    "layers_per_block": 12
  },
  "results": {
    "num_epochs": 0,
    "train_loss": [
      2.255673408508301,
      1.9908134937286377,
      1.8066617250442505,
      1.6858066320419312,
      1.5927749872207642,
      1.5114104747772217,
      1.4320238828659058,
      1.368179202079773,
      1.2981960773468018,
      1.2359154224395752,
      1.17213773727417,
      1.1183511018753052,
      1.068726897239685,
      1.016501784324646,
      0.9737428426742554,
      0.9366680383682251,
      0.8969507813453674,
      0.8623336553573608,
      0.8297595977783203,
      0.8021489977836609,
      0.7737923860549927,
      0.7524333596229553,
      0.7258575558662415,
      0.7101717591285706,
      0.6795137524604797,
      0.6642078161239624,
      0.6428248882293701,
      0.6241276264190674,
      0.6078876256942749,
      0.5926600694656372,
      0.5718003511428833,
      0.564524233341217,
      0.5445592403411865,
      0.5283000469207764,
      0.5133377909660339,
      0.5038894414901733,
      0.48966842889785767,
      0.47718891501426697,
      0.4626379609107971,
      0.45509374141693115,
      0.43827295303344727,
      0.42506951093673706,
      0.4183477461338043,
      0.4093359112739563,
      0.3929777443408966,
      0.38670113682746887,
      0.3778609335422516,
      0.3693337142467499,
      0.35732153058052063,
      0.3412598967552185,
      0.3357609510421753,
      0.330001562833786,
      0.3194838762283325,
      0.31198549270629883,
      0.29850828647613525,
      0.2938137948513031,
      0.2863462269306183,
      0.28137484192848206,
      0.2719273567199707,
      0.26552680134773254,
      0.25960859656333923,
      0.2506554126739502,
      0.2470320463180542
    ],
    "train_acc": [
      14.598,
      25.022,
      32.256,
      37.462,
      40.77,
      44.326,
      47.262,
      50.04,
      52.782,
      55.246,
      57.816,
      59.998,
      61.758,
      63.756,
      65.412,
      67.042,
      68.38,
      69.452,
      70.556,
      71.938,
      72.928,
      73.794,
      74.522,
      75.306,
      76.366,
      76.726,
      77.44,
      78.212,
      79.208,
      79.52,
      80.132,
      80.634,
      80.842,
      81.698,
      82.19,
      82.484,
      82.982,
      83.636,
      83.998,
      84.29,
      84.914,
      85.32,
      85.682,
      86.086,
      86.486,
      86.476,
      87.214,
      87.334,
      87.73,
      88.118,
      88.592,
      88.566,
      88.796,
      89.326,
      89.638,
      89.798,
      90.258,
      90.414,
      90.518,
      90.908,
      90.95,
      91.398,
      91.462
    ],
    "test_loss": [
      2.2070982456207275,
      1.8950549364089966,
      1.711793303489685,
      1.6280614137649536,
      1.514618158340454,
      1.3911597728729248,
      1.3272755146026611,
      1.250867247581482,
      1.1911062002182007,
      1.1359758377075195,
      1.0850589275360107,
      1.019565463066101,
      0.9893368482589722,
      0.9787855744361877,
      0.9099627137184143,
      0.9016797542572021,
      0.8850010633468628,
      0.8309996724128723,
      0.816199541091919,
      0.8206158876419067,
      0.8034316301345825,
      0.806758463382721,
      0.7623323202133179,
      0.7345350384712219,
      0.7448418140411377,
      0.7429235577583313,
      0.7153235077857971,
      0.7263956069946289,
      0.7340688109397888,
      0.6942040920257568,
      0.6958355903625488,
      0.6988769769668579,
      0.7043550610542297,
      0.6829240918159485,
      0.7058447003364563,
      0.7029745578765869,
      0.6860485672950745,
      0.6802421808242798,
      0.6782270073890686,
      0.6722455620765686,
      0.68910813331604,
      0.6646290421485901,
      0.6730367541313171,
      0.6718826293945312,
      0.6721652746200562,
      0.6906507015228271,
      0.7049909234046936,
      0.6693372130393982,
      0.6721864342689514,
      0.6913372874259949,
      0.7069177627563477,
      0.6787579655647278,
      0.702896773815155,
      0.7085623741149902,
      0.6942985653877258,
      0.698742687702179,
      0.7166033983230591,
      0.7004804611206055,
      0.742949903011322,
      0.7287744283676147,
      0.7138790488243103,
      0.7336719036102295,
      0.7149145007133484
    ],
    "test_acc": [
      17.13,
      29.16,
      37.02,
      40.19,
      44.23,
      48.63,
      51.25,
      53.91,
      56.71,
      59.24,
      61.07,
      63.51,
      65.05,
      65.69,
      68.24,
      69.07,
      69.97,
      71.17,
      72.1,
      72.29,
      73.09,
      73.08,
      74.09,
      75.54,
      75.37,
      75.43,
      76.33,
      76.19,
      76.43,
      77.28,
      77.49,
      77.72,
      77.74,
      78.46,
      78.35,
      78.16,
      79.2,
      79.03,
      79.62,
      79.46,
      79.6,
      79.91,
      79.92,
      80.19,
      80.34,
      79.88,
      79.72,
      80.45,
      80.67,
      80.57,
      80.45,
      80.72,
      80.38,
      80.79,
      81.02,
      81.01,
      80.6,
      81.43,
      80.66,
      80.74,
      81.33,
      81.06,
      81.41
    ]
  }
}