{
  "config": {
    "run_name": "exp2",
    "out_dir": "./results",
    "seed": 486569675,
    "device": null,
    "bs_train": 128,
    "bs_test": 32,
    "batches": 100,
    "epochs": 100,
    "early_stopping": 5,
    "checkpoints": null,
    "lr": 0.001,
    "reg": 0.001,
    "filters_per_layer": [
      32,
      64,
      128
    ],
    "pool_every": 7,
    "hidden_dims": [
      100
    ],
    "model_type": "ycn",
    "pooling_params": {
      "kernel_size": 2
    },
    "conv_params": {
      "kernel_size": 3,
      "padding": 1
    },
    "dropout": 0.1,
    "batchnorm": true,
    "bottleneck": false,
    "kw": {},
    "layers_per_block": 12
  },
  "results": {
    "num_epochs": 0,
    "train_loss": [
      1.8235238790512085,
      1.4631084203720093,
      1.269492268562317,
      1.1150259971618652,
      0.9858223795890808,
      0.8927612900733948,
      0.8210199475288391,
      0.7602335810661316,
      0.714291512966156,
      0.6707967519760132,
      0.6349129676818848,
      0.6047105193138123,
      0.5734333395957947,
      0.5438683032989502,
      0.5230533480644226,
      0.5034559369087219,
      0.4780855178833008,
      0.4622195363044739,
      0.4434075355529785,
      0.42410141229629517,
      0.40794044733047485,
      0.40185433626174927,
      0.38247570395469666,
      0.3617721498012543,
      0.3537153899669647,
      0.34066882729530334,
      0.32826295495033264,
      0.31745487451553345,
      0.3126663565635681,
      0.29836899042129517,
      0.28623270988464355
    ],
    "train_acc": [
      31.996,
      47.014,
      54.682,
      60.778,
      66.018,
      69.384,
      72.386,
      74.536,
      76.132,
      77.652,
      78.946,
      79.972,
      80.942,
      82.04,
      82.708,
      83.492,
      84.066,
      84.674,
      85.53,
      86.126,
      86.556,
      86.992,
      87.618,
      88.182,
      88.354,
      88.85,
      89.294,
      89.536,
      89.882,
      90.318,
      90.582
    ],
    "test_loss": [
      1.5046168565750122,
      1.313445806503296,
      1.1201417446136475,
      1.012287974357605,
      0.887686014175415,
      0.8480201959609985,
      0.7808566093444824,
      0.7262623310089111,
      0.7164490818977356,
      0.6736475825309753,
      0.6849654912948608,
      0.6495811343193054,
      0.6782398819923401,
      0.6514643430709839,
      0.7083766460418701,
      0.6568796038627625,
      0.6812273263931274,
      0.6496371030807495,
      0.6386268138885498,
      0.6228458881378174,
      0.6166282892227173,
      0.6601971983909607,
      0.6118072867393494,
      0.6750227212905884,
      0.6379349231719971,
      0.6180041432380676,
      0.6676278710365295,
      0.6485089063644409,
      0.6877220869064331,
      0.6741929054260254,
      0.6511976718902588
    ],
    "test_acc": [
      43.6,
      51.96,
      59.81,
      64.36,
      68.37,
      70.0,
      72.53,
      75.15,
      75.63,
      76.52,
      76.73,
      78.32,
      77.99,
      78.83,
      77.73,
      78.68,
      78.74,
      79.39,
      79.68,
      80.68,
      80.75,
      79.98,
      81.61,
      80.0,
      81.03,
      81.99,
      80.94,
      81.05,
      80.7,
      80.82,
      81.76
    ]
  }
}