{
  "config": {
    "run_name": "exp2",
    "out_dir": "./results",
    "seed": 80967840,
    "device": null,
    "bs_train": 128,
    "bs_test": 32,
    "batches": 100,
    "epochs": 100,
    "early_stopping": 5,
    "checkpoints": null,
    "lr": 0.001,
    "reg": 0.001,
    "filters_per_layer": [
      32,
      64,
      128
    ],
    "pool_every": 6,
    "hidden_dims": [
      100
    ],
    "model_type": "ycn",
    "pooling_params": {
      "kernel_size": 2
    },
    "conv_params": {
      "kernel_size": 3,
      "padding": 1
    },
    "dropout": 0.1,
    "batchnorm": true,
    "bottleneck": false,
    "kw": {},
    "layers_per_block": 6
  },
  "results": {
    "num_epochs": 0,
    "train_loss": [
      1.6889841556549072,
      1.3234226703643799,
      1.1132838726043701,
      0.9594241976737976,
      0.8580254912376404,
      0.783636212348938,
      0.718517005443573,
      0.6709240078926086,
      0.6220568418502808,
      0.5858930349349976,
      0.5483656525611877,
      0.517085611820221,
      0.4843716025352478,
      0.46369442343711853,
      0.43277159333229065,
      0.4139627516269684,
      0.39186912775039673,
      0.36746153235435486,
      0.3500194847583771,
      0.334206223487854,
      0.31572484970092773,
      0.3069225251674652
    ],
    "train_acc": [
      38.166,
      53.022,
      61.646,
      67.11,
      70.784,
      73.638,
      76.066,
      77.462,
      79.262,
      80.548,
      81.772,
      83.266,
      84.25,
      84.788,
      85.746,
      86.4,
      87.234,
      87.974,
      88.608,
      89.126,
      89.606,
      90.14
    ],
    "test_loss": [
      1.367964267730713,
      1.124001145362854,
      0.9832630157470703,
      0.9122344255447388,
      0.8352389931678772,
      0.7860027551651001,
      0.7768017649650574,
      0.735966145992279,
      0.7330486178398132,
      0.6873343586921692,
      0.7084052562713623,
      0.6897408366203308,
      0.7108612060546875,
      0.7267322540283203,
      0.7295072674751282,
      0.7204561233520508,
      0.696591317653656,
      0.7497174143791199,
      0.7599499821662903,
      0.7739135026931763,
      0.8320818543434143,
      0.8908814787864685
    ],
    "test_acc": [
      49.77,
      59.88,
      65.41,
      67.88,
      71.07,
      72.81,
      73.77,
      75.35,
      75.77,
      77.27,
      76.7,
      77.83,
      77.76,
      77.66,
      78.14,
      78.45,
      79.64,
      78.6,
      79.0,
      79.19,
      78.3,
      77.25
    ]
  }
}