{
  "config": {
    "run_name": "exp2",
    "out_dir": "./results",
    "seed": 555338648,
    "device": null,
    "bs_train": 128,
    "bs_test": 32,
    "batches": 100,
    "epochs": 100,
    "early_stopping": 5,
    "checkpoints": null,
    "lr": 0.001,
    "reg": 0.001,
    "filters_per_layer": [
      32,
      64,
      128
    ],
    "pool_every": 6,
    "hidden_dims": [
      100
    ],
    "model_type": "ycn",
    "pooling_params": {
      "kernel_size": 2
    },
    "conv_params": {
      "kernel_size": 3,
      "padding": 1
    },
    "dropout": 0.1,
    "batchnorm": true,
    "bottleneck": false,
    "kw": {},
    "layers_per_block": 6
  },
  "results": {
    "num_epochs": 0,
    "train_loss": [
      2.1470651626586914,
      1.7186980247497559,
      1.5401400327682495,
      1.4158587455749512,
      1.3017796277999878,
      1.2040001153945923,
      1.103336215019226,
      1.021741271018982,
      0.9483842253684998,
      0.8844957947731018,
      0.8279123902320862,
      0.7848129868507385,
      0.7457674145698547,
      0.7076968550682068,
      0.6744206547737122,
      0.6448971629142761,
      0.6194484233856201,
      0.5952062010765076,
      0.5726820230484009,
      0.55149245262146,
      0.532078742980957,
      0.5107625722885132,
      0.4952292740345001,
      0.47634294629096985,
      0.45633286237716675,
      0.44388389587402344,
      0.4291857182979584,
      0.41205060482025146,
      0.39945754408836365,
      0.38796666264533997,
      0.3711586892604828,
      0.357124924659729,
      0.34155869483947754,
      0.3359156548976898,
      0.32557743787765503,
      0.31169113516807556,
      0.303215891122818,
      0.291878342628479,
      0.279614120721817,
      0.27260133624076843,
      0.2635207176208496,
      0.2505997121334076,
      0.24370349943637848,
      0.23641175031661987,
      0.22138836979866028,
      0.22151252627372742,
      0.21462903916835785,
      0.20198984444141388,
      0.19382798671722412,
      0.18941669166088104,
      0.18168945610523224,
      0.17532533407211304,
      0.17013435065746307,
      0.1658536046743393,
      0.15976637601852417,
      0.15274585783481598,
      0.14752325415611267
    ],
    "train_acc": [
      20.12,
      36.048,
      43.008,
      48.292,
      52.74,
      56.806,
      60.654,
      64.33,
      66.85,
      69.062,
      71.162,
      72.608,
      74.398,
      75.338,
      76.534,
      77.66,
      78.67,
      79.5,
      80.278,
      80.964,
      81.67,
      82.378,
      82.706,
      83.812,
      84.498,
      84.862,
      85.358,
      85.772,
      86.44,
      86.838,
      87.146,
      87.862,
      88.216,
      88.684,
      89.012,
      89.318,
      89.77,
      90.08,
      90.51,
      90.756,
      91.15,
      91.408,
      91.71,
      92.094,
      92.278,
      92.676,
      92.618,
      93.262,
      93.398,
      93.574,
      93.688,
      94.384,
      94.264,
      94.302,
      94.52,
      94.718,
      95.048
    ],
    "test_loss": [
      1.9083555936813354,
      1.5828520059585571,
      1.4336414337158203,
      1.2898741960525513,
      1.1865887641906738,
      1.0671573877334595,
      0.990288496017456,
      0.9241994619369507,
      0.8715583086013794,
      0.8342414498329163,
      0.7829380631446838,
      0.7398871779441833,
      0.7089471817016602,
      0.6870102882385254,
      0.6896146535873413,
      0.6429538130760193,
      0.6559034585952759,
      0.6302069425582886,
      0.6096526980400085,
      0.5980316400527954,
      0.6143226027488708,
      0.5976844429969788,
      0.569684624671936,
      0.5959740877151489,
      0.5618643760681152,
      0.5707140564918518,
      0.5550341606140137,
      0.5465247631072998,
      0.5437665581703186,
      0.5963325500488281,
      0.55655837059021,
      0.5571610927581787,
      0.5464298725128174,
      0.5461325645446777,
      0.5713937878608704,
      0.5362163186073303,
      0.5449328422546387,
      0.5609371662139893,
      0.5368531942367554,
      0.5589094161987305,
      0.5570508241653442,
      0.5570014119148254,
      0.5625958442687988,
      0.5577247142791748,
      0.5642992258071899,
      0.5616224408149719,
      0.5650930404663086,
      0.5751288533210754,
      0.5654463171958923,
      0.5880155563354492,
      0.584098219871521,
      0.5751410722732544,
      0.6073172688484192,
      0.601523220539093,
      0.626707136631012,
      0.6085906028747559,
      0.607310950756073
    ],
    "test_acc": [
      26.68,
      40.64,
      46.48,
      52.54,
      57.0,
      61.74,
      64.53,
      67.24,
      69.4,
      71.28,
      73.44,
      74.44,
      75.92,
      77.04,
      77.13,
      78.36,
      78.36,
      79.27,
      79.71,
      80.59,
      80.32,
      80.76,
      81.52,
      81.1,
      82.17,
      81.99,
      82.24,
      82.86,
      83.01,
      82.17,
      83.29,
      83.27,
      83.57,
      83.51,
      82.92,
      83.58,
      83.8,
      83.77,
      84.38,
      83.87,
      84.03,
      84.22,
      84.11,
      84.5,
      84.73,
      84.23,
      84.51,
      84.74,
      84.62,
      84.7,
      84.5,
      85.02,
      84.78,
      84.88,
      84.25,
      84.63,
      84.92
    ]
  }
}