{
  "config": {
    "run_name": "exp2",
    "out_dir": "./results",
    "seed": 781808112,
    "device": null,
    "bs_train": 128,
    "bs_test": 32,
    "batches": 100,
    "epochs": 100,
    "early_stopping": 5,
    "checkpoints": null,
    "lr": 0.001,
    "reg": 0.001,
    "filters_per_layer": [
      32,
      64,
      128
    ],
    "pool_every": 6,
    "hidden_dims": [
      100
    ],
    "model_type": "ycn",
    "pooling_params": {
      "kernel_size": 2
    },
    "conv_params": {
      "kernel_size": 3,
      "padding": 1
    },
    "dropout": 0.1,
    "batchnorm": true,
    "bottleneck": false,
    "kw": {},
    "layers_per_block": 9
  },
  "results": {
    "num_epochs": 0,
    "train_loss": [
      1.787976861000061,
      1.394754409790039,
      1.1616369485855103,
      0.9978653192520142,
      0.8809530138969421,
      0.789227306842804,
      0.720051109790802,
      0.6630993485450745,
      0.6152327656745911,
      0.5732232928276062,
      0.5345262885093689,
      0.5010440349578857,
      0.47134286165237427,
      0.4457166790962219,
      0.41674670577049255,
      0.3988967835903168,
      0.3680751919746399,
      0.34943294525146484,
      0.32729917764663696,
      0.30982857942581177,
      0.29874518513679504,
      0.2763873338699341,
      0.2621100842952728,
      0.24686722457408905,
      0.23158636689186096,
      0.2252832055091858,
      0.2103455662727356,
      0.19997218251228333,
      0.19333486258983612,
      0.18245188891887665,
      0.1766185760498047,
      0.16809409856796265,
      0.1535130739212036,
      0.15667474269866943,
      0.15079177916049957
    ],
    "train_acc": [
      34.084,
      50.326,
      59.642,
      65.856,
      70.162,
      73.538,
      75.906,
      77.932,
      79.816,
      81.232,
      82.338,
      83.4,
      84.732,
      85.486,
      86.63,
      87.268,
      88.16,
      88.616,
      89.63,
      90.128,
      90.61,
      91.386,
      91.626,
      92.154,
      92.642,
      92.95,
      93.494,
      93.646,
      94.116,
      94.274,
      94.446,
      94.816,
      95.218,
      95.186,
      95.176
    ],
    "test_loss": [
      1.5046542882919312,
      1.228806734085083,
      1.0569591522216797,
      0.9766128063201904,
      0.8436911106109619,
      0.8317723870277405,
      0.7554121017456055,
      0.7155891060829163,
      0.7015803456306458,
      0.67374187707901,
      0.6669042706489563,
      0.6805978417396545,
      0.6765528917312622,
      0.6854985356330872,
      0.6765807271003723,
      0.6684548854827881,
      0.6765484809875488,
      0.7910435795783997,
      0.7362512350082397,
      0.7678815126419067,
      0.7418490648269653,
      0.760676920413971,
      0.7379450798034668,
      0.7663094997406006,
      0.7916544079780579,
      0.8397066593170166,
      0.8012229204177856,
      0.8695243000984192,
      0.9411348104476929,
      0.8389615416526794,
      0.8983204960823059,
      0.8771597146987915,
      0.952161967754364,
      0.905758261680603,
      1.0084432363510132
    ],
    "test_acc": [
      43.53,
      55.6,
      62.77,
      65.42,
      70.68,
      71.41,
      74.41,
      75.53,
      76.41,
      77.06,
      77.96,
      77.67,
      78.42,
      78.77,
      79.54,
      79.37,
      79.62,
      78.62,
      79.39,
      79.51,
      80.2,
      80.25,
      80.92,
      80.47,
      81.24,
      80.04,
      80.52,
      80.21,
      79.41,
      81.32,
      80.94,
      80.54,
      81.04,
      80.69,
      80.01
    ]
  }
}