{
  "config": {
    "run_name": "exp2",
    "out_dir": "./results",
    "seed": 1592996700,
    "device": null,
    "bs_train": 128,
    "bs_test": 32,
    "batches": 100,
    "epochs": 100,
    "early_stopping": 5,
    "checkpoints": null,
    "lr": 0.001,
    "reg": 0.001,
    "filters_per_layer": [
      32,
      64,
      128
    ],
    "pool_every": 2,
    "hidden_dims": [
      100
    ],
    "model_type": "ycn",
    "pooling_params": {
      "kernel_size": 2
    },
    "conv_params": {
      "kernel_size": 3,
      "padding": 1
    },
    "dropout": 0.1,
    "batchnorm": true,
    "bottleneck": false,
    "kw": {},
    "layers_per_block": 3
  },
  "results": {
    "num_epochs": 0,
    "train_loss": [
      2.0435359477996826,
      1.606563925743103,
      1.3844842910766602,
      1.2207396030426025,
      1.0951764583587646,
      1.010077953338623,
      0.9333387017250061,
      0.8713292479515076,
      0.8155603408813477,
      0.7632139325141907,
      0.7189902067184448,
      0.6822102069854736,
      0.6457573771476746,
      0.6192039847373962,
      0.5887561440467834,
      0.5609866976737976,
      0.5386669635772705,
      0.5122606158256531,
      0.49154260754585266,
      0.47010567784309387,
      0.44593384861946106,
      0.4225316643714905,
      0.40540480613708496,
      0.38800278306007385,
      0.3705938756465912,
      0.35366353392601013,
      0.33775094151496887,
      0.32088997960090637,
      0.30799630284309387,
      0.29238376021385193,
      0.28153184056282043,
      0.26860472559928894,
      0.25443121790885925,
      0.24684211611747742,
      0.2366669625043869,
      0.22268067300319672,
      0.21246950328350067,
      0.2037036418914795,
      0.1940951645374298,
      0.18751297891139984,
      0.18327444791793823,
      0.1698475182056427,
      0.16139881312847137,
      0.16143961250782013
    ],
    "train_acc": [
      24.66,
      40.168,
      49.592,
      56.398,
      60.932,
      64.256,
      67.276,
      69.72,
      71.688,
      73.44,
      75.124,
      76.43,
      77.696,
      78.82,
      79.998,
      80.628,
      81.83,
      82.574,
      83.528,
      84.202,
      84.882,
      85.96,
      86.45,
      86.794,
      87.692,
      88.078,
      88.644,
      89.102,
      89.926,
      90.26,
      90.964,
      90.954,
      91.498,
      91.882,
      92.334,
      92.618,
      93.008,
      93.568,
      93.612,
      93.972,
      94.132,
      94.394,
      94.676,
      94.86
    ],
    "test_loss": [
      1.7255662679672241,
      1.4347392320632935,
      1.266710877418518,
      1.1289793252944946,
      1.02262282371521,
      0.9554426670074463,
      0.9128392338752747,
      0.8578512668609619,
      0.8116289377212524,
      0.8128771185874939,
      0.7747973203659058,
      0.7535486817359924,
      0.7297892570495605,
      0.6933276653289795,
      0.6961132287979126,
      0.7063031196594238,
      0.6852770447731018,
      0.7036323547363281,
      0.6727502346038818,
      0.6445462107658386,
      0.6773847341537476,
      0.6835196614265442,
      0.7118598818778992,
      0.7232638597488403,
      0.6915248036384583,
      0.6803355813026428,
      0.7391068935394287,
      0.7559584379196167,
      0.7415454983711243,
      0.7501777410507202,
      0.6950404644012451,
      0.7708349227905273,
      0.7818523645401001,
      0.7823022603988647,
      0.7724462747573853,
      0.7326410412788391,
      0.7758179903030396,
      0.7626667618751526,
      0.7471485137939453,
      0.7649306654930115,
      0.7675115466117859,
      0.8221436142921448,
      0.8067559599876404,
      0.7865771651268005
    ],
    "test_acc": [
      34.62,
      47.37,
      54.33,
      59.32,
      63.34,
      65.98,
      67.64,
      69.68,
      71.37,
      71.57,
      73.0,
      73.85,
      74.93,
      75.95,
      75.99,
      76.01,
      76.66,
      76.62,
      77.47,
      78.4,
      77.88,
      77.94,
      77.38,
      77.98,
      78.59,
      78.56,
      78.01,
      78.01,
      78.32,
      78.6,
      79.41,
      78.62,
      79.1,
      78.45,
      79.54,
      79.96,
      79.38,
      79.71,
      80.46,
      80.19,
      80.06,
      79.52,
      79.84,
      80.06
    ]
  }
}