{
  "config": {
    "run_name": "exp2",
    "out_dir": "./results",
    "seed": 996276382,
    "device": null,
    "bs_train": 128,
    "bs_test": 32,
    "batches": 100,
    "epochs": 100,
    "early_stopping": 5,
    "checkpoints": null,
    "lr": 0.001,
    "reg": 0.001,
    "filters_per_layer": [
      32,
      64,
      128
    ],
    "pool_every": 2,
    "hidden_dims": [
      100
    ],
    "model_type": "ycn",
    "pooling_params": {
      "kernel_size": 2
    },
    "conv_params": {
      "kernel_size": 3,
      "padding": 1
    },
    "dropout": 0.1,
    "batchnorm": true,
    "bottleneck": false,
    "kw": {},
    "layers_per_block": 3
  },
  "results": {
    "num_epochs": 0,
    "train_loss": [
      1.445622444152832,
      0.9424182176589966,
      0.7444130182266235,
      0.628508985042572,
      0.5436168909072876,
      0.47372257709503174,
      0.42123717069625854,
      0.37411925196647644,
      0.32900485396385193,
      0.2913629114627838,
      0.2589034140110016,
      0.23741893470287323,
      0.21337278187274933,
      0.19701650738716125,
      0.18337887525558472,
      0.16664887964725494,
      0.1552218496799469,
      0.14398299157619476,
      0.1360333114862442,
      0.129926398396492,
      0.11167062819004059,
      0.11852076649665833,
      0.10952732712030411,
      0.11321309953927994,
      0.10121845453977585,
      0.09949272871017456
    ],
    "train_acc": [
      48.414,
      68.38,
      75.922,
      79.924,
      82.782,
      85.318,
      87.256,
      88.602,
      90.136,
      91.226,
      92.44,
      93.192,
      93.886,
      94.432,
      94.972,
      95.436,
      95.722,
      96.118,
      96.372,
      96.38,
      96.89,
      96.666,
      97.064,
      96.942,
      97.204,
      97.308
    ],
    "test_loss": [
      1.0541718006134033,
      0.8732064962387085,
      0.7313241362571716,
      0.6782655119895935,
      0.6634818315505981,
      0.6595606803894043,
      0.7391877174377441,
      0.672045886516571,
      0.7892000079154968,
      0.8422948718070984,
      0.7790380716323853,
      0.8132007122039795,
      0.8501731753349304,
      0.8663930296897888,
      0.8839708566665649,
      0.8998576998710632,
      0.9081237316131592,
      0.9583637714385986,
      0.9502002000808716,
      0.9209188222885132,
      1.005454182624817,
      1.0140488147735596,
      1.077627182006836,
      0.9407922625541687,
      0.9884674549102783,
      1.0819934606552124
    ],
    "test_acc": [
      62.56,
      69.85,
      74.79,
      77.27,
      78.18,
      78.01,
      77.34,
      78.91,
      76.96,
      77.21,
      79.38,
      78.32,
      79.13,
      79.66,
      79.69,
      80.18,
      79.92,
      79.14,
      79.73,
      80.15,
      80.53,
      79.88,
      79.5,
      79.89,
      79.6,
      79.94
    ]
  }
}