{
  "config": {
    "run_name": "exp2",
    "out_dir": "./results",
    "seed": 2977617,
    "device": null,
    "bs_train": 128,
    "bs_test": 32,
    "batches": 100,
    "epochs": 100,
    "early_stopping": 5,
    "checkpoints": null,
    "lr": 0.001,
    "reg": 0.001,
    "filters_per_layer": [
      32,
      64,
      128
    ],
    "pool_every": 6,
    "hidden_dims": [
      100
    ],
    "model_type": "ycn",
    "pooling_params": {
      "kernel_size": 2
    },
    "conv_params": {
      "kernel_size": 3,
      "padding": 1
    },
    "dropout": 0.1,
    "batchnorm": true,
    "bottleneck": false,
    "kw": {},
    "layers_per_block": 9
  },
  "results": {
    "num_epochs": 0,
    "train_loss": [
      2.2195534706115723,
      1.834344506263733,
      1.6422011852264404,
      1.5105081796646118,
      1.3830158710479736,
      1.2762415409088135,
      1.175788164138794,
      1.0931363105773926,
      1.0218833684921265,
      0.965748131275177,
      0.9122667908668518,
      0.8628905415534973,
      0.8232126832008362,
      0.7863286137580872,
      0.7539823651313782,
      0.7247730493545532,
      0.6986513137817383,
      0.6688215732574463,
      0.6475897431373596,
      0.6183449029922485,
      0.5946251153945923,
      0.5772023797035217,
      0.5582887530326843,
      0.5361227989196777,
      0.5132030844688416,
      0.4942225217819214,
      0.47860628366470337,
      0.45828723907470703,
      0.43972158432006836,
      0.42812380194664,
      0.408733993768692,
      0.40071383118629456,
      0.38145723938941956,
      0.3654581308364868,
      0.35173335671424866,
      0.342989981174469,
      0.32753393054008484,
      0.31243064999580383,
      0.3003557324409485
    ],
    "train_acc": [
      15.948,
      30.86,
      38.376,
      44.13,
      49.31,
      53.964,
      58.04,
      61.1,
      63.514,
      66.024,
      67.792,
      69.488,
      71.134,
      72.48,
      73.708,
      74.774,
      75.646,
      76.778,
      77.588,
      78.406,
      79.142,
      79.968,
      80.928,
      81.774,
      82.438,
      83.2,
      83.542,
      84.198,
      84.958,
      85.566,
      86.0,
      86.316,
      86.966,
      87.586,
      88.008,
      88.18,
      88.922,
      89.382,
      89.814
    ],
    "test_loss": [
      2.0972344875335693,
      1.6888716220855713,
      1.5308769941329956,
      1.3785536289215088,
      1.2431195974349976,
      1.165912389755249,
      1.0855649709701538,
      1.0238345861434937,
      0.9823809266090393,
      0.9222986102104187,
      0.8893904089927673,
      0.8523147106170654,
      0.8269017338752747,
      0.8309996128082275,
      0.760402262210846,
      0.7554950714111328,
      0.7199465036392212,
      0.7249378561973572,
      0.7021691203117371,
      0.6847573518753052,
      0.6720295548439026,
      0.6787207722663879,
      0.6830681562423706,
      0.6823908090591431,
      0.6630089282989502,
      0.6627804040908813,
      0.6589144468307495,
      0.6504589319229126,
      0.6559593081474304,
      0.6580767035484314,
      0.6685323715209961,
      0.6829757690429688,
      0.6561680436134338,
      0.663385808467865,
      0.6791990995407104,
      0.67291259765625,
      0.6923534274101257,
      0.6765635013580322,
      0.7261977791786194
    ],
    "test_acc": [
      18.58,
      35.59,
      42.85,
      49.45,
      54.68,
      58.05,
      61.18,
      63.81,
      66.01,
      68.07,
      69.48,
      70.82,
      71.97,
      72.21,
      74.25,
      74.68,
      76.03,
      76.07,
      76.71,
      77.27,
      77.87,
      78.04,
      78.23,
      78.16,
      78.92,
      78.95,
      79.48,
      80.24,
      80.08,
      80.06,
      80.0,
      80.03,
      80.33,
      80.71,
      80.62,
      80.59,
      80.54,
      80.69,
      80.17
    ]
  }
}